"time","sNPVProfit1","sNPVProfit2","sNPVProfit3","sNPVProfit4","sValueOfBacklog1","sValueOfBacklog2","sValueOfBacklog3","sValueOfBacklog4","sBacklog1","sBacklog2","sBacklog3","sBacklog4","sInstalledBase1","sInstalledBase2","sInstalledBase3","sInstalledBase4","sPrice1","sPrice2","sPrice3","sPrice4","sCumulativeAdopters","sReportedIndustryVolume","sCumulativeProduction1","sCumulativeProduction2","sCumulativeProduction3","sCumulativeProduction4","sPerceivedCompTargetCapacity1","sPerceivedCompTargetCapacity2","sPerceivedCompTargetCapacity3","sPerceivedCompTargetCapacity4","sSmoothCapacity11","sSmoothCapacity12","sSmoothCapacity13","sSmoothCapacity14","sSmoothCapacity21","sSmoothCapacity22","sSmoothCapacity23","sSmoothCapacity24","sSmoothCapacity31","sSmoothCapacity32","sSmoothCapacity33","sSmoothCapacity34","sInvestimentoNaoRealizadoPeD1","sInvestimentoNaoRealizadoPeD2","sInvestimentoNaoRealizadoPeD3","sInvestimentoNaoRealizadoPeD4","sPatentesRequisitadas1","sPatentesRequisitadas2","sPatentesRequisitadas3","sPatentesRequisitadas4","sPatentesEmpresa1","sPatentesEmpresa2","sPatentesEmpresa3","sPatentesEmpresa4","sPatentesEmDominioPublicoUteis","sInvestimentoPeDDepreciar1","sInvestimentoPeDDepreciar2","sInvestimentoPeDDepreciar3","sInvestimentoPeDDepreciar4","sPatentLefts","fIndustryOrderRate","aOrderShare1","aOrderShare2","aOrderShare3","aOrderShare4","aPerformance1","aPerformance2","aPerformance3","aPerformance4","aPatentesEmpresaTemAcesso1","aPatentesEmpresaTemAcesso2","aPatentesEmpresaTemAcesso3","aPatentesEmpresaTemAcesso4","aNonAdopters","fReorderRate","aIndustryShipments","aIndustryVolume","fNPVProfitChange1","fNPVProfitChange2","fNPVProfitChange3","fNPVProfitChange4","fNetIncome1","fNetIncome2","fNetIncome3","fNetIncome4","aNPVIndustryProfits","VariacaoDemanda","fInvestimentoPeD1","fInvestimentoPeD2","fInvestimentoPeD3","fInvestimentoPeD4","aAttractivenessFromPerformance1","aAttractivenessFromPerformance2","aAttractivenessFromPerformance3","aAttractivenessFromPerformance4","aAttractivenessFromAvailability1","aAttractivenessFromAvailability2","aAttractivenessFromAvailability3","aAttractivenessFromAvailability4","aAttractivenessFromPrice1","aAttractivenessFromPrice2","aAttractivenessFromPrice3","aAttractivenessFromPrice4","Lever","Scenario","LeverCode","CasoBase","aSwitchForCapacityStrategy1","aPercPeDAberto1","aDesiredMarketShare1","aOrcamentoPeD1"
2028,324026285.571975,-29174761.9305372,-543072511.742519,404552539.863486,52113767.6957322,10906.5837275111,21393905.3607554,90602245.5010753,466.468363513593,0.0509653471016054,206.389849318335,855.75470024261,11261.4618608072,1970.13983598701,4676.69354587006,19147.0530751155,111715.20543815,213999.999990112,103766.838336851,105813.257181205,35371.5121962015,6084.70098777464,119176.807031271,102442.884237545,106507.001316995,133594.8817271,5377.23234038955,7028.98278506893,5424.32775486698,3856.40547488133,1848.2464269242,200,1801.24012983783,3366.19547250016,1861.53180964641,200,1814.18762653031,3390.39202687649,1877.03561344546,200,1829.29712338158,3418.62897266176,27944732.1736215,211186.238889961,15217978.5307636,66848274.0706007,27.1060924903114,2.75538618561559,15.7650021791099,62.7311987564397,107.711499304215,85.4258389141614,43.8389280658756,80.6299508815618,194.200784499781,393206929.261928,247549559.358929,198648484.535748,634288119.451859,77.4436688549246,6051.75380476297,0.304855131983109,3.28880410043461e-05,0.136074850695637,0.559037129280249,8.35281447444211,7.39443490761128,6.80717013110339,8.52838499688046,406.462045149232,359.825678454482,331.248383599691,415.005602992707,1466.77327381595,5419.46733416763,6110.26568537788,6051.75380476297,24723769.1597703,-8264697.06075731,-37932138.0435309,33845476.5589841,36883529.4513268,-12329479.193761,-56588100.3676775,50491517.8341311,156331551.762404,-0.00246382802345469,20845507.0782929,5447.44648583481,11364952.947557,50153649.1508615,0.00166994730300866,0.000729024641838088,0.000390918544666744,0.00190492506969525,0.0296827114231123,0.0296827114231123,0.0296827114231123,0.0295489549909485,0.000114905182233339,2.83951828214193e-08,0.000219099035303365,0.000185555175132993,1,2,"1",1,1,0,0.3,0.1
2028,53388523.8511677,59707445.9419249,72966262.6257617,528357447.17961,20142328.8975928,19794005.4367362,80424939.6585746,170470838.795915,126.467030433832,122.059342225502,655.485294366519,1429.76318250683,2700.11021326267,2845.86329469787,8581.21606856832,18231.1278040894,154465.809120045,157312.758721112,121322.815382307,117696.504363915,31479.592230151,5034.29698927831,103735.84059561,104058.975106705,115108.354571736,134065.997455269,4960.91102395002,4960.91031009293,3812.53806872137,2343.05299365214,403.090455526304,403.091169383394,1552.0501108691,3020.94848582385,384.278398554865,384.279112411955,1530.54191948535,3002.13642884361,363.127398839377,363.12811269646,1508.36311040402,2980.9854290185,5891904.69998222,7517410.54267146,30135002.2017082,62295146.9268357,5.14591428434945,6.4685096619928,28.2895529345772,60.7780313557982,85.9059542139477,87.9575997811279,53.5985854263925,82.1667541692963,196.162954557698,250927651.308832,272211072.303827,303383270.087185,649742786.63142,90.7439033342134,5086.44221974656,0.0778282913433606,0.0778637640420124,0.28737827739029,0.556929667224337,7.76706991024155,7.83641072309365,7.57875481749322,8.83347183788848,377.958726390209,381.332967335032,368.794996252881,429.851643417006,920.656602904019,4732.51101376765,5215.60405095836,5086.44221974656,14060321.5027451,13742519.1016087,24981816.1392619,52742788.8250654,20975534.8745718,20501429.4035868,37268490.3084842,78682994.9917105,714419679.598465,0.00532852849230903,5783508.53503826,7353037.41778458,24578267.9027856,49250057.5359286,0.00103099395457085,0.00109568180232169,0.000869044907247529,0.00236496306830182,0.00744842270572908,0.00883552101973037,0.00221207558108908,0.00117349598230824,3.57051219916929e-06,2.83355887344537e-06,5.26653792581819e-05,7.06981162569878e-05,2,2,"2",0,2,0,0.3,0.1
2028,257030454.908221,-30570791.7482935,-502236008.012812,411975931.357701,43574173.9336032,13253.2610565294,27729215.1881144,91559402.9115068,395.786051419807,0.0619311280358517,265.164747115447,861.313717345799,10512.6454499813,1962.97250047684,5261.8504694249,19200.6094021181,110124.140040613,213999.999993966,104741.612294097,106228.850059984,35247.9042690103,5986.5390804266,118229.25177156,102433.125607275,107285.131411586,133714.343638767,5286.18450678291,6905.36970128936,5332.45169197121,3792.1032038246,1815.37439578804,200,1769.20413032543,3306.32592222239,1829.83645474819,200,1783.29837694733,3332.66554700701,1846.72196968157,200,1799.75444398898,3363.4189915107,23744987.5034591,197562.91392385,18838234.2189776,66808483.5819643,24.6134669212898,2.69596237575052,17.7592668729904,63.0471491902809,83.2574533728362,85.3885532187369,44.2576189253418,80.6857604485633,194.239845532084,381722196.623777,247277828.772809,208659869.122105,635646946.474049,101.640221313802,5952.11419113449,0.26258659442083,4.09249432206827e-05,0.178184441833078,0.559188038802871,8.29710210264574,7.89049053941447,7.35479949993308,9.03406769944796,403.750987140012,383.964582440373,357.896952644218,439.61297648473,1279.81506635529,5402.31613602793,6007.46991016386,5952.11419113449,9243727.62149032,-8260256.39329372,-25460542.6205608,34198830.5967508,13790021.1640081,-12322854.4963648,-37982666.2967008,51018660.1146828,136199586.504817,-0.00252293611935251,17429669.5734413,6619.52744984038,14730420.6768949,49543132.251854,0.0015997573314347,0.00114808448769657,0.000701189425962155,0.00270481123575449,0.0296827114231123,0.0296827114231123,0.0296827114231123,0.0272481996878011,0.000130752160621782,2.83951828125343e-08,0.000202425329684806,0.00017939779485367,3,2,"3",0,1,0.5,0.3,0.1
2028,6345048.57590352,64891954.0278682,79828764.8369721,532737202.74155,4685971.53532676,19038502.9607877,100017353.452568,212956076.929438,21.8970632491926,107.424591240335,783.815731768773,1721.99345890653,2263.31293672727,2840.24070938417,8496.04478328604,18123.8735774997,213999.999999999,176689.936668167,127636.46031211,123342.488775988,31146.102852062,4639.93743483469,103194.906520581,104083.952751473,115006.622639998,133921.136049993,4538.70007333426,4538.69964084899,3396.69469556572,1926.83956806597,261.587728690717,261.588161175993,1403.59311833663,2873.44823395878,261.68216111919,261.682593604465,1403.68760172905,2873.54266638119,261.771942266716,261.772374751988,1403.77732474902,2873.63244745182,2379975.33381491,7020045.35514642,29975154.0384089,62625741.9956967,3.53195227240322,6.65490983097578,28.2553414202298,60.7755888146147,72.5032186682765,88.1053991582687,53.5768721617579,82.1188386821882,196.118318622199,242780290.708321,272660903.073558,303020977.140162,649348806.200008,103.519421718095,4639.66277670282,0.0188592597464658,0.0567617110952929,0.303900234387569,0.620478794770672,7.72009630038505,8.1048987831619,7.83922580401558,9.09405722140386,375.672911280974,394.398049329539,381.469953922282,442.532167837097,-544.682908645605,4639.66277670282,4626.7703999496,4639.66277670282,-922044.637969397,12220903.3937667,27224168.3584029,58136874.6084995,-1375528.96325045,18231445.5103092,40613686.7298094,86730025.3846332,683802970.182294,-2.28605658794905e-05,1874388.61413071,5792914.81747397,23789054.7623222,49243698.019099,0.000988742064610564,0.00137325046498288,0.00109836706941164,0.00281239315522677,0.0296827114231123,0.00310899752457725,0.000387629614143465,0.000218100425697809,2.83951827986225e-08,5.87478470577592e-07,3.15408352660472e-05,4.46993292212804e-05,4,2,"4",0,2,0.5,0.3,0.1
2028,206427258.467172,-31824367.7998691,-467408164.875386,418239609.810315,37781405.118984,15473.8473575479,32099091.2439104,91817420.5442574,345.304877917989,0.0723076990126959,303.219112152009,860.343968640989,9912.34196639775,1956.99755106968,5696.10847744558,19165.8074109985,109469.917645695,213999.999996151,106070.325443963,106651.694354602,35027.6956723215,5865.6146036265,117446.970270336,102424.412362375,107879.376759567,133724.146363549,5176.99882075382,6757.13136524113,5222.27278315425,3714.99112657418,1776.44790212006,200,1731.26765092137,3235.42943091224,1790.28943917007,200,1744.75715731506,3260.63890442802,1807.05635468296,200,1761.0976412654,3291.17634481751,20780314.5878293,187553.957956055,21465203.1353293,66179279.0981323,22.6760266297397,2.64867170092572,19.3299363157323,63.0661905247862,64.2482443147462,85.3544879838884,44.6170315672084,80.7313792609126,194.272233440719,372790951.441649,247043819.802233,216523024.003912,635738917.370343,120.401953974959,5831.76415236447,0.233651715637625,4.89581247922196e-05,0.20790736595892,0.558391960278663,8.25286753323504,8.27503874846676,7.78068285600238,9.42161654544783,401.598458360164,402.677347100492,378.621155298618,458.471757201377,1076.6913571824,5372.06767315129,5885.56153589355,5831.76415236447,-386368.818789043,-8256035.58554816,-15930374.6349141,34267450.880266,-576394.546267979,-12316557.791126,-23765326.3230429,51121029.5483899,125434335.602232,-0.00251972613817273,15112562.0475936,7728.63047826752,17051803.0950801,48670411.9986323,0.00154549680076111,0.00157253169493779,0.00104347409831847,0.00344955806292854,0.0296827114231123,0.0296827114231123,0.0296827114231123,0.0252809367424172,0.000137885997566512,2.83951828074952e-08,0.000181721998597338,0.00017334264009526,5,2,"5",0,1,0.9,0.3,0.1
2028,-5319560.64210644,68825196.356679,83587931.7811576,532046286.63496,4430871.93647012,19099120.1147655,101323585.970906,214717098.710821,20.7050090489267,107.12304506059,791.717366526898,1732.93724896406,2213.37378170411,2859.26339568958,8467.44439156685,18082.8354023243,214000,177777.294265915,128027.11332037,123597.548885248,31062.8996408854,4625.29036986051,103098.489757043,104126.347508775,114966.524744404,133851.546733497,4526.16462485779,4526.16439574862,3385.65969513355,1916.42387030606,258.612301854635,258.612530963808,1399.11723331132,2868.35305640617,258.720639670126,258.720868779299,1399.2255807891,2868.46139421642,258.828084757386,258.828313866558,1399.33302764506,2868.56883923696,2175383.54263155,7030138.185251,29959390.6994314,62594271.7003107,3.30538604711769,6.76894411263203,28.2124708010005,60.6713248448229,62.1429683429747,88.2091143695706,53.5619804185367,82.0825554448257,196.083476762318,241310583.794359,273308252.108113,302832715.834031,648587200.475966,113.537787179225,4624.95626993588,0.0179820980560331,0.0563149090151564,0.303957918922013,0.621745074006798,7.7076986014124,8.31453543331391,8.04320067235745,9.29633085722634,375.069618331635,404.599322423745,391.39571516108,452.375144231191,-542.742673000663,4624.95626993588,4609.55021694428,4624.95626993588,-1343840.04361135,12247821.1785384,27432164.3350085,58389958.9893118,-2004773.76673873,18271602.1264373,40923980.2647197,87107582.9145163,679139854.13069,-2.6731376269214e-06,1772348.77458805,5762175.44382257,23783679.5778927,49250423.6026006,0.000977799147615406,0.00162149812576902,0.00130555114252735,0.00319580412159122,0.0296827114231123,0.00295950043227587,0.000349204937524977,0.000203649559460562,2.83951827986215e-08,5.3783128319791e-07,3.0556016021265e-05,4.37830747211773e-05,6,2,"6",0,2,0.9,0.3,0.1
2028,251024883.214207,-78187123.906113,-211965320.890288,425568716.103867,35366055.3659445,17698.0804127816,36434280.2298864,94362562.5131247,295.837969957039,0.0827013103401014,336.283128695916,874.162151038186,8034.15191293981,1804.20761930807,7665.73268121123,19130.8110100167,119377.779919235,214000,108319.496882402,107718.375256375,34928.7691744773,5628.72691933661,113699.734583409,102118.138190995,112528.624440969,134626.984182337,5055.73547312161,6013.57550944777,4520.98632844153,3050.42921733239,1158.81442874811,200,1694.01359717748,3165.80827104154,1154.61540821804,200,1687.87525639029,3154.33681056039,1151.67349738248,200,1683.574622196,3146.29969484555,17865274.6067503,52739.9268683354,24651806.9562096,61239014.1560347,18.710410271117,1.77303919387108,23.818757210246,61.0872834921915,100.918093972491,84.1233059701698,49.9667746483516,81.5647099286357,195.673775916942,342896906.906886,240214689.141113,264737040.659871,639941153.072634,85.3316725851618,5634.95619893621,0.204085064654664,5.70034751872816e-05,0.238628066792939,0.557229865077211,8.2330468967126,7.53984941375809,7.29097162090579,8.70618070083208,400.633952745712,366.901793666145,354.790980360702,423.657441922931,650.543855922129,5357.97584757167,5643.43651225306,5634.95619893621,19645219.6356501,-8262594.92170973,-3140032.92218307,35467376.1732624,29307223.8430501,-12326343.1708119,-4684378.6647194,52911107.7358063,386441154.521673,0.000538284400654522,13767721.7964397,8839.55492932615,19354758.9142062,47061819.7215305,0.00152160153107267,0.000838007230301523,0.000657995050917376,0.00216484911084402,0.0269455873473438,0.0296827114231123,0.0296827114231123,0.0200637794707699,6.16761567640515e-05,2.83951827986208e-08,0.000151387493109592,0.000158960301872722,7,2,"7",0,1,0,0.2,0.1
2028,53388523.8511677,59707445.9419249,72966262.6257617,528357447.17961,20142328.8975928,19794005.4367362,80424939.6585746,170470838.795915,126.467030433832,122.059342225502,655.485294366519,1429.76318250683,2700.11021326267,2845.86329469787,8581.21606856832,18231.1278040894,154465.809120045,157312.758721112,121322.815382307,117696.504363915,31479.592230151,5034.29698927831,103735.84059561,104058.975106705,115108.354571736,134065.997455269,4960.91102395002,4960.91031009293,3812.53806872137,2343.05299365214,403.090455526304,403.091169383394,1552.0501108691,3020.94848582385,384.278398554865,384.279112411955,1530.54191948535,3002.13642884361,363.127398839377,363.12811269646,1508.36311040402,2980.9854290185,5891904.69998222,7517410.54267146,30135002.2017082,62295146.9268357,5.14591428434945,6.4685096619928,28.2895529345772,60.7780313557982,85.9059542139477,87.9575997811279,53.5985854263925,82.1667541692963,196.162954557698,250927651.308832,272211072.303827,303383270.087185,649742786.63142,90.7439033342134,5086.44221974656,0.0778282913433606,0.0778637640420124,0.28737827739029,0.556929667224337,7.76706991024155,7.83641072309365,7.57875481749322,8.83347183788848,377.958726390209,381.332967335032,368.794996252881,429.851643417006,920.656602904019,4732.51101376765,5215.60405095836,5086.44221974656,14060321.5027451,13742519.1016087,24981816.1392619,52742788.8250654,20975534.8745718,20501429.4035868,37268490.3084842,78682994.9917105,714419679.598465,0.00532852849230903,5783508.53503826,7353037.41778458,24578267.9027856,49250057.5359286,0.00103099395457085,0.00109568180232169,0.000869044907247529,0.00236496306830182,0.00744842270572908,0.00883552101973037,0.00221207558108908,0.00117349598230824,3.57051219916929e-06,2.83355887344537e-06,5.26653792581819e-05,7.06981162569878e-05,8,2,"8",0,2,0,0.2,0.1
2028,222904655.906399,-81912596.470472,-205429085.208526,407805444.116649,30269096.6888688,19442.6570272984,39499427.8861499,94606800.2808269,255.011361545584,0.0908535375107403,361.961825384493,876.907331550638,7827.67275476684,1792.7886098054,7911.17987021412,19162.4701190504,118471.099375184,214000,109047.256883542,107660.044864072,34975.582725855,5626.32085407584,113582.152164346,102085.836023057,113108.87083585,135060.860088299,5089.24364094168,6055.07363027511,4550.80433146972,3070.09928813882,1166.65965691515,200,1705.48214887844,3187.24094188449,1163.53877782518,200,1700.91988982955,3178.71489613392,1159.68511100003,200,1695.28640457181,3168.1869202939,16160551.7885244,50569.1184855772,26078365.5600511,60453120.1408938,17.7653195519553,1.7342370300038,24.1935937398879,60.1191532064592,80.2272272522045,83.9906250967469,50.2497126995589,81.7436971633444,196.109142651309,339376058.621651,239580991.903399,268848037.664047,640226281.321927,106.746803426431,5631.94558732857,0.179746465212385,6.26476704287237e-05,0.257763130276392,0.562427756840794,8.23745570677563,7.98535419972414,7.75351769059931,9.1389925439648,400.8484928819,388.58080820449,377.299252517187,444.718796447543,622.314556140038,5366.63523259907,5636.44308216425,5631.94558732857,11326716.520577,-8260205.90867395,2127251.67041477,35837792.6704853,16897475.4485782,-12322779.1821621,3173486.5800234,53463704.2147772,343368418.34405,0.000435335319825412,12107638.6755475,9710.90823164822,20983038.4780979,47363125.113859,0.00152689443225012,0.00124422950390437,0.00101867500097741,0.0028948003558468,0.0296827114231123,0.0296827114231123,0.0296827114231123,0.020363209237839,6.63883056908398e-05,2.83951827986208e-08,0.000142700464498458,0.000159715002454019,9,2,"9",0,1,0.5,0.2,0.1
2028,6345048.57590352,64891954.0278682,79828764.8369721,532737202.74155,4685971.53532676,19038502.9607877,100017353.452568,212956076.929438,21.8970632491926,107.424591240335,783.815731768773,1721.99345890653,2263.31293672727,2840.24070938417,8496.04478328604,18123.8735774997,213999.999999999,176689.936668167,127636.46031211,123342.488775988,31146.102852062,4639.93743483469,103194.906520581,104083.952751473,115006.622639998,133921.136049993,4538.70007333426,4538.69964084899,3396.69469556572,1926.83956806597,261.587728690717,261.588161175993,1403.59311833663,2873.44823395878,261.68216111919,261.682593604465,1403.68760172905,2873.54266638119,261.771942266716,261.772374751988,1403.77732474902,2873.63244745182,2379975.33381491,7020045.35514642,29975154.0384089,62625741.9956967,3.53195227240322,6.65490983097578,28.2553414202298,60.7755888146147,72.5032186682765,88.1053991582687,53.5768721617579,82.1188386821882,196.118318622199,242780290.708321,272660903.073558,303020977.140162,649348806.200008,103.519421718095,4639.66277670282,0.0188592597464658,0.0567617110952929,0.303900234387569,0.620478794770672,7.72009630038505,8.1048987831619,7.83922580401558,9.09405722140386,375.672911280974,394.398049329539,381.469953922282,442.532167837097,-544.682908645605,4639.66277670282,4626.7703999496,4639.66277670282,-922044.637969397,12220903.3937667,27224168.3584029,58136874.6084995,-1375528.96325045,18231445.5103092,40613686.7298094,86730025.3846332,683802970.182294,-2.28605658794905e-05,1874388.61413071,5792914.81747397,23789054.7623222,49243698.019099,0.000988742064610564,0.00137325046498288,0.00109836706941164,0.00281239315522677,0.0296827114231123,0.00310899752457725,0.000387629614143465,0.000218100425697809,2.83951827986225e-08,5.87478470577592e-07,3.15408352660472e-05,4.46993292212804e-05,10,2,"10",0,2,0.5,0.2,0.1
2028,179316126.597285,-81722467.1118616,-171856054.217735,403461940.428404,25813543.9957154,22031.644799502,43552166.0560868,96243984.0786694,217.822110203482,0.102951611212626,395.234349584794,890.720529702175,7364.89649078607,1791.59865477721,8314.39751308512,19115.1335878289,118346.176904187,214000,110156.070653763,107836.497240814,34877.406187579,5629.30306584863,112976.105895458,102082.570762666,113723.507549664,135078.732068311,5093.89835961093,6060.83825694139,4554.94643843661,3072.83171583525,1167.23231916674,200,1706.31929554897,3188.80541920512,1166.11538568823,200,1704.68650564509,3185.75402706093,1164.87011426629,200,1702.86610483835,3182.35202371209,14040050.5569003,52084.2090206637,28614921.7221038,60506406.1518545,16.2246312959362,1.7303331020748,25.7719533400481,59.6288370543567,63.6466621852228,83.9733999797002,50.6379173079409,81.7396073038546,196.207669139844,332164484.697939,239502604.110305,276848735.481733,639384225.877599,122.999285562062,5633.24424195843,0.153472977287227,7.13714758761647e-05,0.281908633854286,0.564547017382611,8.20107709351962,8.32093400635744,8.12994468869089,9.46484648629084,399.078248183065,404.910687783681,395.616825349895,460.575399060117,664.27279663775,5350.82742791671,5634.98966931004,5633.24424195843,2535720.9754379,-8255037.33684303,9403401.94147372,36310721.6269218,3782851.17748527,-12315068.5790533,14028227.2581384,54169231.312219,329199545.696092,0.000197371198065995,10325417.5982862,11004.0145510895,23135949.6849779,47647624.0299287,0.00148360011007871,0.0016295284594842,0.00140141733022695,0.00354005109850266,0.0296827114231123,0.0296827114231123,0.0296827114231123,0.0194918479688282,6.70651657809527e-05,2.83951827986208e-08,0.000130413585206668,0.000157442900525683,11,2,"11",0,1,0.9,0.2,0.1
2028,-5319560.64210644,68825196.356679,83587931.7811576,532046286.63496,4430871.93647012,19099120.1147655,101323585.970906,214717098.710821,20.7050090489267,107.12304506059,791.717366526898,1732.93724896406,2213.37378170411,2859.26339568958,8467.44439156685,18082.8354023243,214000,177777.294265915,128027.11332037,123597.548885248,31062.8996408854,4625.29036986051,103098.489757043,104126.347508775,114966.524744404,133851.546733497,4526.16462485779,4526.16439574862,3385.65969513355,1916.42387030606,258.612301854635,258.612530963808,1399.11723331132,2868.35305640617,258.720639670126,258.720868779299,1399.2255807891,2868.46139421642,258.828084757386,258.828313866558,1399.33302764506,2868.56883923696,2175383.54263155,7030138.185251,29959390.6994314,62594271.7003107,3.30538604711769,6.76894411263203,28.2124708010005,60.6713248448229,62.1429683429747,88.2091143695706,53.5619804185367,82.0825554448257,196.083476762318,241310583.794359,273308252.108113,302832715.834031,648587200.475966,113.537787179225,4624.95626993588,0.0179820980560331,0.0563149090151564,0.303957918922013,0.621745074006798,7.7076986014124,8.31453543331391,8.04320067235745,9.29633085722634,375.069618331635,404.599322423745,391.39571516108,452.375144231191,-542.742673000663,4624.95626993588,4609.55021694428,4624.95626993588,-1343840.04361135,12247821.1785384,27432164.3350085,58389958.9893118,-2004773.76673873,18271602.1264373,40923980.2647197,87107582.9145163,679139854.13069,-2.6731376269214e-06,1772348.77458805,5762175.44382257,23783679.5778927,49250423.6026006,0.000977799147615406,0.00162149812576902,0.00130555114252735,0.00319580412159122,0.0296827114231123,0.00295950043227587,0.000349204937524977,0.000203649559460562,2.83951827986215e-08,5.3783128319791e-07,3.0556016021265e-05,4.37830747211773e-05,12,2,"12",0,2,0.9,0.2,0.1
2028,375762705.836316,-89278495.1192687,-884496566.564127,352192612.805582,124919970.258136,765272.483131042,244261.123476543,161197637.090403,1023.57877447935,3.57603964079926,1.14140711904927,1351.70858641993,13234.5760607131,1777.7076986121,807.937146814368,17426.6145573919,122153.761694891,214000,214000,119344.763185348,32414.3402711905,4864.30714551176,124202.71518934,101973.368148055,100598.266251643,132279.41763773,4415.30458544631,6225.56582861133,4956.21500102482,3679.61207075153,2010.10583359307,200,1469.23723479655,2745.74147326269,2010.77650803291,200,1469.72744772114,2746.65759349563,2011.3284252207,200,1470.13085796417,2747.41149504997,31006017.0284375,367647.611602445,117768.649360434,57344261.7929744,30.9433942044739,1.81683140549646,0.79990786779725,56.0411030149182,115.641881579211,83.6793369391969,38.3318978484686,80.5658484198023,194.492581891154,432769876.927009,238702539.734913,119461431.362615,612057715.860346,72.3508996274654,4862.45972413653,0.421230810677614,0.00311919855773566,0.0010198932177668,0.574630097546884,8.49598074250065,7.24059666190386,6.28780679164962,8.29092569973003,413.428757302305,352.339649863313,305.975287234885,403.45043295334,-539.232028190418,4862.45972413653,4777.60970731006,4862.45972413653,41625445.3040911,-6741263.17522347,-60918048.8750052,47804305.4691745,62097867.354959,-10056782.898098,-90879049.8438508,71315643.5525022,-245819743.041497,-1.1822425593486e-05,24546726.9664433,382226.094173083,129757.336419773,45400455.507263,0.0018599581168229,0.000625296599335957,0.000204455006294419,0.00159210330179749,0.000777296175778797,0.0296827114231123,0.0296827114231123,0.000986113183064426,4.92290798397271e-05,2.83951827986208e-08,2.83951827986208e-08,6.18417321971309e-05,13,2,"13",0,1,0,0.4,0.1
2028,53388523.8511677,59707445.9419249,72966262.6257617,528357447.17961,20142328.8975928,19794005.4367362,80424939.6585746,170470838.795915,126.467030433832,122.059342225502,655.485294366519,1429.76318250683,2700.11021326267,2845.86329469787,8581.21606856832,18231.1278040894,154465.809120045,157312.758721112,121322.815382307,117696.504363915,31479.592230151,5034.29698927831,103735.84059561,104058.975106705,115108.354571736,134065.997455269,4960.91102395002,4960.91031009293,3812.53806872137,2343.05299365214,403.090455526304,403.091169383394,1552.0501108691,3020.94848582385,384.278398554865,384.279112411955,1530.54191948535,3002.13642884361,363.127398839377,363.12811269646,1508.36311040402,2980.9854290185,5891904.69998222,7517410.54267146,30135002.2017082,62295146.9268357,5.14591428434945,6.4685096619928,28.2895529345772,60.7780313557982,85.9059542139477,87.9575997811279,53.5985854263925,82.1667541692963,196.162954557698,250927651.308832,272211072.303827,303383270.087185,649742786.63142,90.7439033342134,5086.44221974656,0.0778282913433606,0.0778637640420124,0.28737827739029,0.556929667224337,7.76706991024155,7.83641072309365,7.57875481749322,8.83347183788848,377.958726390209,381.332967335032,368.794996252881,429.851643417006,920.656602904019,4732.51101376765,5215.60405095836,5086.44221974656,14060321.5027451,13742519.1016087,24981816.1392619,52742788.8250654,20975534.8745718,20501429.4035868,37268490.3084842,78682994.9917105,714419679.598465,0.00532852849230903,5783508.53503826,7353037.41778458,24578267.9027856,49250057.5359286,0.00103099395457085,0.00109568180232169,0.000869044907247529,0.00236496306830182,0.00744842270572908,0.00883552101973037,0.00221207558108908,0.00117349598230824,3.57051219916929e-06,2.83355887344537e-06,5.26653792581819e-05,7.06981162569878e-05,14,2,"14",0,2,0,0.4,0.1
2028,357778839.134251,-87715278.556688,-879709081.882801,365149448.916157,119484721.474807,971441.336024689,367692.917801079,163245428.404346,984.707229080227,4.53944549544247,1.71819120467794,1365.07660125182,13157.9802158527,1786.34277250327,813.896179218056,17390.7554494754,121407.865459,214000,214000,119655.331164101,32292.5160840816,4849.86071595409,123998.563359599,101988.643901365,100611.605573716,132248.754416278,4403.07719281697,6207.5072432391,4942.41858203108,3669.51871163016,2004.2935987329,200,1464.98892521442,2737.80214288455,2004.88056617244,200,1465.41795457365,2738.60392198257,2005.37515852545,200,1465.77946464389,2739.27951961198,30750088.6225204,461037.782727802,172530.563680759,57340402.957576,30.675499353476,1.86079529080551,0.824824378397865,56.0386846964102,87.3758657214813,83.7053897166129,38.3470604518947,80.6071815080051,194.455012581404,430262125.680352,238984245.625696,119666380.930533,612690639.545005,100.287346821885,4848.14725144689,0.420543162266464,0.0039595961037152,0.00153191425601067,0.57396532737381,8.48293078758396,7.81535878298665,6.86195369467432,8.86504867542302,412.793724478246,380.308544410707,333.914244233581,431.388225607704,-516.355803315077,4848.14725144689,4769.6852249379,4848.14725144689,40574895.8910782,-6319677.22014578,-60483446.7664531,48173801.5781344,60530631.7945337,-9427850.55813439,-90230699.6846658,71866866.9735309,-244496072.389082,1.28017308084942e-05,24333292.6978428,485200.024529586,195327.250424542,45392202.5411237,0.00184205514849948,0.00107574752919309,0.000416192190484506,0.00241645472592147,0.000999515995336809,0.0296827114231123,0.0296827114231123,0.000901955897941139,5.23029165594108e-05,2.83951827986208e-08,2.83951827986208e-08,6.03016783983415e-05,15,2,"15",0,1,0.5,0.4,0.1
2028,6345048.57590352,64891954.0278682,79828764.8369721,532737202.74155,4685971.53532676,19038502.9607877,100017353.452568,212956076.929438,21.8970632491926,107.424591240335,783.815731768773,1721.99345890653,2263.31293672727,2840.24070938417,8496.04478328604,18123.8735774997,213999.999999999,176689.936668167,127636.46031211,123342.488775988,31146.102852062,4639.93743483469,103194.906520581,104083.952751473,115006.622639998,133921.136049993,4538.70007333426,4538.69964084899,3396.69469556572,1926.83956806597,261.587728690717,261.588161175993,1403.59311833663,2873.44823395878,261.68216111919,261.682593604465,1403.68760172905,2873.54266638119,261.771942266716,261.772374751988,1403.77732474902,2873.63244745182,2379975.33381491,7020045.35514642,29975154.0384089,62625741.9956967,3.53195227240322,6.65490983097578,28.2553414202298,60.7755888146147,72.5032186682765,88.1053991582687,53.5768721617579,82.1188386821882,196.118318622199,242780290.708321,272660903.073558,303020977.140162,649348806.200008,103.519421718095,4639.66277670282,0.0188592597464658,0.0567617110952929,0.303900234387569,0.620478794770672,7.72009630038505,8.1048987831619,7.83922580401558,9.09405722140386,375.672911280974,394.398049329539,381.469953922282,442.532167837097,-544.682908645605,4639.66277670282,4626.7703999496,4639.66277670282,-922044.637969397,12220903.3937667,27224168.3584029,58136874.6084995,-1375528.96325045,18231445.5103092,40613686.7298094,86730025.3846332,683802970.182294,-2.28605658794905e-05,1874388.61413071,5792914.81747397,23789054.7623222,49243698.019099,0.000988742064610564,0.00137325046498288,0.00109836706941164,0.00281239315522677,0.0296827114231123,0.00310899752457725,0.000387629614143465,0.000218100425697809,2.83951827986225e-08,5.87478470577592e-07,3.15408352660472e-05,4.46993292212804e-05,16,2,"16",0,2,0.5,0.4,0.1
2028,343588374.510962,-86016843.3575176,-873832834.048085,377084640.2395,116293574.132699,1204431.18622639,507849.850226733,165474436.241881,960.959284075792,5.62818311320743,2.37313014124641,1379.0334901027,13063.6708034861,1796.1857220992,820.455388722789,17325.2440852557,121045.595334867,214000,214000,120032.475941239,32141.0500869967,4828.72869976016,123766.578541606,102004.604372963,100625.253135217,132157.263830614,4385.15274585449,6181.03470199222,4922.19405927123,3654.72259885873,1995.76710667141,200,1458.75669633892,2726.15522236752,1996.25798102265,200,1459.11548882755,2726.8257413232,1996.68701040448,200,1459.42907726258,2727.41178199193,30545939.4172473,572414.010140514,237631.546290435,57294889.651367,30.4396455667106,1.91488318200585,0.854871842662984,55.9772430678589,65.0962681320765,83.7317139311707,38.3622592406951,80.623628431333,194.402925699335,427968709.566497,239302544.025164,119890787.95801,612798634.798366,122.189433006918,4827.17180396467,0.419833282197526,0.00490654233607486,0.00211135866171846,0.573148816804681,8.46925571564194,8.2660297866667,7.31190203839908,9.31314256313748,412.12827240504,402.23895581943,355.809489789611,453.193230205445,-485.049351701335,4827.17180396467,4756.10404541422,4827.17180396467,39922545.7250159,-5843285.64234544,-59931518.0709577,48561162.5833751,59557439.7052916,-8717157.83662356,-89407318.8253888,72444741.6880522,-239176662.65514,3.55825132081605e-05,24163549.1442899,601570.078840448,269781.956820197,45348999.4505444,0.00182342115177848,0.00156150738916995,0.000671940019190544,0.00322912444908771,0.00114658212810412,0.0296827114231123,0.0296827114231123,0.000814085537678757,5.38643520185522e-05,2.83951827986208e-08,2.83951827986208e-08,5.84829551872533e-05,17,2,"17",0,1,0.9,0.4,0.1
2028,-5319560.64210644,68825196.356679,83587931.7811576,532046286.63496,4430871.93647012,19099120.1147655,101323585.970906,214717098.710821,20.7050090489267,107.12304506059,791.717366526898,1732.93724896406,2213.37378170411,2859.26339568958,8467.44439156685,18082.8354023243,214000,177777.294265915,128027.11332037,123597.548885248,31062.8996408854,4625.29036986051,103098.489757043,104126.347508775,114966.524744404,133851.546733497,4526.16462485779,4526.16439574862,3385.65969513355,1916.42387030606,258.612301854635,258.612530963808,1399.11723331132,2868.35305640617,258.720639670126,258.720868779299,1399.2255807891,2868.46139421642,258.828084757386,258.828313866558,1399.33302764506,2868.56883923696,2175383.54263155,7030138.185251,29959390.6994314,62594271.7003107,3.30538604711769,6.76894411263203,28.2124708010005,60.6713248448229,62.1429683429747,88.2091143695706,53.5619804185367,82.0825554448257,196.083476762318,241310583.794359,273308252.108113,302832715.834031,648587200.475966,113.537787179225,4624.95626993588,0.0179820980560331,0.0563149090151564,0.303957918922013,0.621745074006798,7.7076986014124,8.31453543331391,8.04320067235745,9.29633085722634,375.069618331635,404.599322423745,391.39571516108,452.375144231191,-542.742673000663,4624.95626993588,4609.55021694428,4624.95626993588,-1343840.04361135,12247821.1785384,27432164.3350085,58389958.9893118,-2004773.76673873,18271602.1264373,40923980.2647197,87107582.9145163,679139854.13069,-2.6731376269214e-06,1772348.77458805,5762175.44382257,23783679.5778927,49250423.6026006,0.000977799147615406,0.00162149812576902,0.00130555114252735,0.00319580412159122,0.0296827114231123,0.00295950043227587,0.000349204937524977,0.000203649559460562,2.83951827986215e-08,5.3783128319791e-07,3.0556016021265e-05,4.37830747211773e-05,18,2,"18",0,2,0.9,0.4,0.1
2028,362947509.054937,-28728302.8355436,-532068805.428559,420613462.419189,47372932.9735872,12312.1922594058,23989466.6798213,93722543.2198711,437.958227976929,0.0575336112165596,231.040331708536,881.392386177814,10885.0446920535,1971.27281856836,4859.05659949636,19299.1650494947,108128.711993902,213999.999990363,103966.131653623,106239.655697696,35352.4876390874,6060.55833157444,118696.220016916,102446.546990385,106732.266644777,133802.502726388,5351.23509726811,6993.68705902351,5398.09402420556,3838.04499657335,1838.67655671194,200,1791.9136493358,3348.76594940646,1852.96526887505,200,1805.83895787527,3374.78985914633,1869.79890504602,200,1822.24446558275,3405.44881730198,12693051.9255119,211561.985549941,16498315.4564715,67805599.0590001,13.2935041392876,2.75753323716857,16.3475368464864,63.68310494527,93.1146228203189,85.4382995257451,43.9237749712091,80.7037878694965,191.646039965146,298860400.22657,247606776.186685,201537773.881138,638030802.025302,77.7427893265469,6026.29084305434,0.287716899634572,3.73592205030098e-05,0.153233007629825,0.559012733515101,7.72264543046,7.34838191337544,6.77453167194037,8.50311088582609,375.796956251299,357.584662054606,329.660141109388,413.775722106459,1422.30233580336,5413.49885971899,6081.67319048871,6026.29084305434,21468078.8104135,-8261693.41104366,-33100774.4055862,34741645.572368,32026610.1802841,-12324998.2749351,-49380552.7693055,51828444.9015581,222763863.210025,-0.00241608708984428,9474586.59471744,6149.49741661483,12743777.0456478,50177616.5168198,0.00099100281759913,0.000696756006424614,0.000376415558478668,0.00186978976338469,0.0296827114231123,0.0296827114231123,0.0296827114231123,0.0262194779131965,0.000153751041689876,2.83951828208408e-08,0.00021558192438813,0.000179240454844576,19,2,"19",0,1,0,0.3,0.05
2028,72255533.0271542,60252545.954581,72496797.0712929,528422159.195985,20113816.8650048,19593784.2285276,80642879.0155437,171241080.497974,128.158763128891,120.397214798133,656.833199764703,1435.48395382727,2685.08482739938,2849.2960518811,8582.23736207645,18240.6451617954,152184.89665483,157933.746125091,121430.830783351,117789.575757243,31485.6365346713,5022.50648312289,103720.876385271,104065.918394131,115111.941070083,134085.634760761,4951.53838527628,4951.53757707747,3802.97331495921,2331.53454883603,399.279965455701,399.280773654505,1548.36289753226,3019.2838018956,380.103491789668,380.104299988471,1526.74266942094,3000.10732822046,358.389680938018,358.390489136814,1504.42127797377,2978.39351725545,2870515.38893496,7495544.78887992,30117201.5502925,62314976.3404392,3.10010359421273,6.50223722012591,28.2972479714236,60.8202347561387,82.5235731261799,87.9730310634467,53.5998238119545,82.175016461885,195.345488311698,231469422.550194,272313124.953547,303387088.002044,649961481.774776,90.7721684120004,5072.62899294003,0.0771975411219571,0.0772363267414782,0.287526331904567,0.558039800231998,7.63930218773609,7.82120281785184,7.56272027798609,8.8182907885276,371.741333444091,380.592925007271,368.014728507076,429.112907941722,884.959451528521,4732.35686607489,5199.59496530405,5072.62899294003,15258069.5682141,13684885.8775634,24987653.5142331,52812514.1964322,22762365.0201905,20415450.7365512,37277198.6486356,78787013.0227677,733427035.249013,0.00541216476759228,2812365.0044301,7282870.71336627,24530024.1380358,49232580.030517,0.000918972834450677,0.00108125536523817,0.000856154910461379,0.00234047116010687,0.006532700512337,0.00885971363240144,0.00214965407898697,0.00113552201329833,4.2970200734693e-06,2.69421958091317e-06,5.22054724029137e-05,7.01658288572424e-05,20,2,"20",0,2,0,0.3,0.05
2028,309084884.130047,-29889076.8481659,-498415843.455736,424303715.464559,41606793.9657701,14064.4656611189,28387043.2421953,93705733.599168,388.672182404142,0.065721803842796,271.004551178725,878.931300260345,10322.1364355183,1965.25575593976,5314.76639047885,19287.413671702,107034.657475598,213999.999993622,104922.071791072,106523.189232427,35215.7460092859,5967.95958861958,117966.583023371,102438.75006696,107350.316249465,133836.482973857,5265.78914761545,6877.67949558525,5311.87080358074,3777.69903997429,1808.09132824623,200,1762.10629243242,3293.06133335154,1822.37673077131,200,1776.02837550761,3319.07921527587,1839.61566061903,200,1792.82886909161,3350.47633135239,11233583.1422022,199771.248031282,19215422.0905583,67322915.4949178,12.3674515192788,2.70643122486557,17.9397730501577,63.6966828850264,76.1862696631007,85.407326291067,44.2803958364052,80.742987602118,191.707543610447,294564828.143941,247377756.049284,209511190.5476,638164334.52687,94.7655643096995,5933.65219967395,0.259287255849286,4.34600541031734e-05,0.182371779484484,0.558297504612127,7.70681928070703,7.69777800631208,7.1656635211349,8.85527821270741,375.026829102527,374.58686543608,348.69327680671,430.912778407291,1254.47834683856,5395.22203611527,5989.44615289924,5933.65219967395,10689455.2069799,-8258395.97371191,-23997338.2481118,34739331.8581854,15946793.2821027,-12320079.0764847,-35799821.8761846,51824993.2455972,205083679.290704,-0.00247701917296028,8321358.79315401,7024.69498744595,15079874.6338113,49496978.5366359,0.000977026295765423,0.000969104936583279,0.000578871189440259,0.00240044298658482,0.0296827114231123,0.0296827114231123,0.0296827114231123,0.0249554787771042,0.000168035147374859,2.83951828133255e-08,0.000199480713480588,0.000175160899663863,21,2,"21",0,1,0.5,0.3,0.05
2028,24767406.0070993,64360230.1495472,79038768.6506145,533038393.068078,4607106.27635132,19149123.8936128,100516874.991063,214241680.383973,21.5285340016447,107.975879919335,787.246799245572,1730.83893263071,2259.41281883794,2839.67094567375,8501.66508216371,18136.8862026461,213999.999999999,176819.225537348,127725.442178028,123460.036706302,31172.7251951188,4642.04229713538,103199.545070468,104083.04307678,115015.173495071,133946.208694884,4540.73238047829,4540.731843481,3397.97768563218,1927.49803365398,261.555241525459,261.555778522749,1404.30993637145,2874.78958834953,261.658092558699,261.658629555988,1404.4127874016,2874.89243937656,261.757052879201,261.757589876486,1404.5117476833,2874.99139961829,1165584.81325563,7023098.90911055,30003555.2696286,62698534.0588887,2.32830596268055,6.65053072147517,28.2724190546305,60.8282611821766,70.9438313704625,88.0986663076522,53.5765994629716,82.12923706867,195.322946740656,227594108.582874,272628308.178791,303076786.692341,649671500.459208,101.990700325427,4641.73416853304,0.0185664188616528,0.0567401952574106,0.304015723519348,0.620677662361588,7.61555559957844,8.05691020387172,7.79181091826832,9.04759310043885,370.585784399226,392.06284409521,379.162665583685,440.271145316929,-608.756402384573,4641.73416853304,4627.37487318466,4641.73416853304,-469971.114314406,12238525.0888308,27304961.7184587,58360539.2479243,-701114.515512219,18257733.9902201,40734216.2597461,87063693.8177162,701204797.87534,-1.62267927832654e-05,921421.255270264,5796497.91395869,23816121.1633033,49311107.9701377,0.000899153291691636,0.00132038814385771,0.00105375536892872,0.00272882511820282,0.0296827114231123,0.00301724437983952,0.000376075336463243,0.000209695249418131,2.83951827986234e-08,5.81343145581282e-07,3.13137605149763e-05,4.42747026659039e-05,22,2,"22",0,2,0.5,0.3,0.05
2028,267259929.283578,-31004393.0084148,-470095105.767165,428079248.182635,37562897.7866015,15628.2529212187,31528940.4987093,93526061.3025822,352.845577666888,0.0730292204345718,298.236588713194,875.0396616109,9870.00665260576,1959.84710814746,5657.82188108005,19242.515442065,106455.57027482,213999.999995711,105908.763846848,106792.436147669,35043.8859411097,5879.62000172666,117364.672719055,102431.084033178,107828.48323263,133825.915593996,5188.26750989614,6772.43054765829,5233.64397949557,3722.94960592487,1780.61134871797,200,1735.32520892951,3243.0122807334,1793.88152307136,200,1748.25788404635,3267.18113623716,1810.21975376475,200,1764.18058588241,3296.93781661678,10173598.2725692,190351.705486,21208858.72382,66686314.3955753,11.6419651694767,2.66307445749969,19.1932072369608,63.5960662797904,62.8745350838134,85.3770772103872,44.5859980171834,80.7771193221757,191.762159907005,291177840.613676,247167176.696917,215812864.976572,637866362.541582,108.154839294689,5846.88874741663,0.238929043578902,4.90665855003648e-05,0.203491028993835,0.557530860841763,7.69462632806298,7.97253801165371,7.47397440211921,9.13018455417666,374.433499454984,387.957150869581,363.696204455838,444.29018480366,1111.97513563493,5371.91201253425,5901.55859901885,5846.88874741663,3508813.65350827,-8255478.88572683,-17083441.0737559,34690035.8787602,5234534.86772453,-12315727.2925833,-25485499.3145283,51751452.2859962,194239678.690634,-0.00241046446785962,7512579.5573203,7805.75050652072,16748925.4164628,48828857.5724934,0.000966354424151784,0.00123092169586675,0.000787280542408681,0.00287852372180374,0.0296827114231123,0.0296827114231123,0.0296827114231123,0.0238973536056468,0.000176125307361712,2.83951828085109e-08,0.000184121713752427,0.000171372888817307,23,2,"23",0,1,0.9,0.3,0.05
2028,13510819.6772345,68176542.5491869,82568162.0153472,532336933.395611,4391146.38188221,19209044.7981235,101652492.892755,215720694.995872,20.5193756162732,107.73866402759,794.028663210814,1739.79750913365,2215.15836639664,2859.22060638634,8472.12138555643,18092.9139800061,213999.999999999,177786.870096443,128077.351972981,123690.588899787,31088.9985503338,4627.7279632492,103112.897641663,104126.166362961,114972.839862303,133872.230377082,4528.19121372772,4528.19093045714,3387.28156245079,1917.93513290222,258.979464470244,258.979747740825,1399.88911574708,2869.23554529556,259.094259604988,259.094542875569,1400.00391087927,2869.35034042512,259.208731728171,259.209014998751,1400.11838297007,2869.4648124822,1078551.52762625,7038165.67644367,29981291.7572891,62649699.0430701,2.23063518450453,6.76582708020406,28.22380571897,60.7122412902056,61.8437787979626,88.2027902348602,53.5577794652131,82.0918276666132,195.30663876939,226943147.2787,273284635.629147,302844678.079219,648855101.446115,110.869026473126,4627.3690644701,0.0178349113582364,0.0563723511719445,0.304046710009904,0.621746027459915,7.60865684218639,8.24353419876253,7.97254005755725,9.2265550186229,370.250079224983,401.14428255758,387.957250426699,448.979734199335,-598.484431920537,4627.3690644701,4610.86971291611,4627.3690644701,-853950.884711849,12266057.5316861,27483379.025789,58564606.5188591,-1273945.02038575,18298807.5684581,41000383.6053081,87368126.412477,696592457.63738,1.69714583608066e-06,878229.276376441,5770700.41684639,23804781.0701877,49300907.0825977,0.000893453149877485,0.00153421269339748,0.00123092381224617,0.00305990917279678,0.0296827114231123,0.00288683046028205,0.000342715029668521,0.00019743692118754,2.83951827986219e-08,5.37413245102325e-07,3.04316186048645e-05,4.3453541876602e-05,24,2,"24",0,2,0.9,0.3,0.05
2028,302393698.191039,-79281624.6172382,-213619427.24465,423406151.993977,33780720.6423185,17616.0773959499,36271686.8738486,94397109.6633472,290.953626195123,0.0823181186726636,334.878681860821,874.357891895475,8037.48818037496,1801.37694515763,7675.76845526226,19142.8141870499,115887.288519726,214000,108278.123157399,107731.321099663,34945.2202859149,5622.98717313054,113729.440883443,102110.362804711,112594.78373256,134718.948049227,5053.98226235536,6011.40424921641,4519.42619408212,3049.40004199533,1158.38162082048,200,1693.38089663787,3164.62586695416,1154.25848258185,200,1687.35348442587,3153.36171212947,1151.33657327875,200,1683.08208948431,3145.37923934565,8692184.62918113,51974.4661235103,24588722.7630509,61099022.5556244,9.75124229449013,1.76283589818397,23.7606884467149,60.9569224235409,89.9506828444935,84.0907432269912,50.0042723998035,81.611629899639,193.732748893689,276764862.463985,240057909.937788,264844222.702442,640291460.687469,85.502628099279,5629.61714700626,0.20436778752263,5.67548081720349e-05,0.237913681277124,0.557661776392074,7.78717968855299,7.50259551541389,7.25417383142394,8.66809092808387,378.937302131951,365.088956118143,353.000337839486,421.803929316148,629.968156953313,5361.27306180167,5636.55981254238,5629.61714700626,21736390.8860004,-8263044.8836198,-3387932.01517363,35533859.5251944,32426884.76132,-12327014.4351024,-5054200.65416557,53010289.2422005,432898798.323128,0.000549708494920547,6683707.58182799,8798.59737038486,19268385.4442953,47054740.0869203,0.00104946787633102,0.000809040477957124,0.000633990318526179,0.00210726342870333,0.0285725433905725,0.0296827114231123,0.0296827114231123,0.0200233037785832,8.18861065628341e-05,2.83951827986208e-08,0.000151896948940522,0.000158793287840645,25,2,"25",0,1,0,0.2,0.05
2028,72255533.0271542,60252545.954581,72496797.0712929,528422159.195985,20113816.8650048,19593784.2285276,80642879.0155437,171241080.497974,128.158763128891,120.397214798133,656.833199764703,1435.48395382727,2685.08482739938,2849.2960518811,8582.23736207645,18240.6451617954,152184.89665483,157933.746125091,121430.830783351,117789.575757243,31485.6365346713,5022.50648312289,103720.876385271,104065.918394131,115111.941070083,134085.634760761,4951.53838527628,4951.53757707747,3802.97331495921,2331.53454883603,399.279965455701,399.280773654505,1548.36289753226,3019.2838018956,380.103491789668,380.104299988471,1526.74266942094,3000.10732822046,358.389680938018,358.390489136814,1504.42127797377,2978.39351725545,2870515.38893496,7495544.78887992,30117201.5502925,62314976.3404392,3.10010359421273,6.50223722012591,28.2972479714236,60.8202347561387,82.5235731261799,87.9730310634467,53.5998238119545,82.175016461885,195.345488311698,231469422.550194,272313124.953547,303387088.002044,649961481.774776,90.7721684120004,5072.62899294003,0.0771975411219571,0.0772363267414782,0.287526331904567,0.558039800231998,7.63930218773609,7.82120281785184,7.56272027798609,8.8182907885276,371.741333444091,380.592925007271,368.014728507076,429.112907941722,884.959451528521,4732.35686607489,5199.59496530405,5072.62899294003,15258069.5682141,13684885.8775634,24987653.5142331,52812514.1964322,22762365.0201905,20415450.7365512,37277198.6486356,78787013.0227677,733427035.249013,0.00541216476759228,2812365.0044301,7282870.71336627,24530024.1380358,49232580.030517,0.000918972834450677,0.00108125536523817,0.000856154910461379,0.00234047116010687,0.006532700512337,0.00885971363240144,0.00214965407898697,0.00113552201329833,4.2970200734693e-06,2.69421958091317e-06,5.22054724029137e-05,7.01658288572424e-05,26,2,"26",0,2,0,0.2,0.05
2028,275427458.947233,-81869452.4053484,-205997904.449048,408937231.853999,30035491.1074991,19158.0150035603,38901663.0940117,94843372.0059544,260.399433841095,0.0895234345960766,356.87160253784,878.705521805536,7834.30073502227,1792.92852286263,7897.7100323278,19153.3965846978,115058.660242791,214000,108907.62514976,107696.802220577,34961.9019565296,5623.9566699938,113584.457815972,102086.417828918,113103.714567969,135062.025636388,5088.74601490441,6054.45734634302,4550.36150765537,3069.80717012626,1166.62729737682,200,1705.43484406711,3187.15253765726,1163.17009772559,200,1700.38093459545,3177.7076852469,1158.93944846717,200,1694.19635733195,3166.14981706549,7955519.96467278,50614.551784414,25884179.7680432,60414180.8319011,9.31018328536356,1.73436312108154,24.1628269624607,60.1031857308758,74.7418040571567,83.9912670421592,50.2575721815317,81.7564545782385,194.084724455372,275076975.838317,239584079.463731,268655415.597492,640354708.043237,101.307097569507,5630.3757854018,0.184097518694598,6.15071085879969e-05,0.253794133674133,0.562046840522681,7.7975884364746,7.83198187651358,7.59965883818457,8.98553847066687,379.443809367399,381.11745218812,369.812221168871,437.251462333993,624.284312830139,5364.32801659375,5635.59205631961,5630.3757854018,14485238.7885635,-8260766.06181868,1095321.95881952,35903944.7737148,21609436.9760103,-12323614.8324579,1634028.35003578,53562391.5561759,396497333.946835,0.000506845535991336,6007098.22149982,9568.73977352494,20665491.5589263,47353926.1127471,0.00105912144397165,0.00109146658109775,0.000886057385932807,0.00261980163728299,0.0296827114231123,0.0296827114231123,0.0296827114231123,0.0201506015297037,8.75854516693122e-05,2.83951827986208e-08,0.000144327646382942,0.000159239005469132,27,2,"27",0,1,0.5,0.2,0.05
2028,24767406.0070993,64360230.1495472,79038768.6506145,533038393.068078,4607106.27635132,19149123.8936128,100516874.991063,214241680.383973,21.5285340016447,107.975879919335,787.246799245572,1730.83893263071,2259.41281883794,2839.67094567375,8501.66508216371,18136.8862026461,213999.999999999,176819.225537348,127725.442178028,123460.036706302,31172.7251951188,4642.04229713538,103199.545070468,104083.04307678,115015.173495071,133946.208694884,4540.73238047829,4540.731843481,3397.97768563218,1927.49803365398,261.555241525459,261.555778522749,1404.30993637145,2874.78958834953,261.658092558699,261.658629555988,1404.4127874016,2874.89243937656,261.757052879201,261.757589876486,1404.5117476833,2874.99139961829,1165584.81325563,7023098.90911055,30003555.2696286,62698534.0588887,2.32830596268055,6.65053072147517,28.2724190546305,60.8282611821766,70.9438313704625,88.0986663076522,53.5765994629716,82.12923706867,195.322946740656,227594108.582874,272628308.178791,303076786.692341,649671500.459208,101.990700325427,4641.73416853304,0.0185664188616528,0.0567401952574106,0.304015723519348,0.620677662361588,7.61555559957844,8.05691020387172,7.79181091826832,9.04759310043885,370.585784399226,392.06284409521,379.162665583685,440.271145316929,-608.756402384573,4641.73416853304,4627.37487318466,4641.73416853304,-469971.114314406,12238525.0888308,27304961.7184587,58360539.2479243,-701114.515512219,18257733.9902201,40734216.2597461,87063693.8177162,701204797.87534,-1.62267927832654e-05,921421.255270264,5796497.91395869,23816121.1633033,49311107.9701377,0.000899153291691636,0.00132038814385771,0.00105375536892872,0.00272882511820282,0.0296827114231123,0.00301724437983952,0.000376075336463243,0.000209695249418131,2.83951827986234e-08,5.81343145581282e-07,3.13137605149763e-05,4.42747026659039e-05,28,2,"28",0,2,0.5,0.2,0.05
2028,237218480.268184,-81631905.8391143,-178718461.384079,404781710.443707,26919672.5878222,20687.2472535035,41714846.5789656,95839757.4511591,234.399353978259,0.0966693796892689,380.312297499675,887.472646394056,7468.5018501314,1791.82264849959,8217.45987381782,19114.9799169221,114593.38458382,214000,109604.762385345,107760.9424798,34882.5452566226,5637.49841666841,113094.948292335,102083.474317381,113611.710782499,135084.77737857,5103.48448469127,6072.71017363305,4563.47686923214,3078.4589933427,1169.59585149257,200,1709.77442675721,3195.26244114095,1168.18667557826,200,1707.71442206583,3191.4126610086,1166.59030205246,200,1705.38076242907,3187.05146875361,7180888.84090783,51594.151108681,27756516.7771843,60511382.4553532,8.69786120864413,1.730576611401,25.4086537281152,59.6441595548978,62.5857086647518,83.9754037113969,50.5993014311266,81.7522023203313,194.198663627123,272182816.766908,239511157.470807,275086103.926391,639608359.215979,113.456662298603,5642.32114533686,0.165633274338057,6.64930979176928e-05,0.270243771402055,0.56405646116197,7.7872124384896,8.08359366324548,7.88429878214554,9.22803366857874,378.938895799122,393.361306248524,383.663281084968,449.051687800956,683.205718754987,5351.8128889909,5646.2847521841,5642.32114533686,7742693.9594358,-8257750.03593019,5917691.46536304,36257092.1342891,11550742.0749642,-12319115.4505487,8828158.28104955,54089225.5105875,381649823.488697,0.000258936430754308,5383934.51756444,10332.5363072613,22159921.7436084,47691469.8122458,0.0010494981520555,0.0013496029156987,0.00114199700626423,0.00306274903654137,0.0296827114231123,0.0296827114231123,0.0296827114231123,0.019888467000762,9.09578148887196e-05,2.83951827986208e-08,0.000136384443876743,0.000158411802882383,29,2,"29",0,1,0.9,0.2,0.05
2028,13510819.6772345,68176542.5491869,82568162.0153472,532336933.395611,4391146.38188221,19209044.7981235,101652492.892755,215720694.995872,20.5193756162732,107.73866402759,794.028663210814,1739.79750913365,2215.15836639664,2859.22060638634,8472.12138555643,18092.9139800061,213999.999999999,177786.870096443,128077.351972981,123690.588899787,31088.9985503338,4627.7279632492,103112.897641663,104126.166362961,114972.839862303,133872.230377082,4528.19121372772,4528.19093045714,3387.28156245079,1917.93513290222,258.979464470244,258.979747740825,1399.88911574708,2869.23554529556,259.094259604988,259.094542875569,1400.00391087927,2869.35034042512,259.208731728171,259.209014998751,1400.11838297007,2869.4648124822,1078551.52762625,7038165.67644367,29981291.7572891,62649699.0430701,2.23063518450453,6.76582708020406,28.22380571897,60.7122412902056,61.8437787979626,88.2027902348602,53.5577794652131,82.0918276666132,195.30663876939,226943147.2787,273284635.629147,302844678.079219,648855101.446115,110.869026473126,4627.3690644701,0.0178349113582364,0.0563723511719445,0.304046710009904,0.621746027459915,7.60865684218639,8.24353419876253,7.97254005755725,9.2265550186229,370.250079224983,401.14428255758,387.957250426699,448.979734199335,-598.484431920537,4627.3690644701,4610.86971291611,4627.3690644701,-853950.884711849,12266057.5316861,27483379.025789,58564606.5188591,-1273945.02038575,18298807.5684581,41000383.6053081,87368126.412477,696592457.63738,1.69714583608066e-06,878229.276376441,5770700.41684639,23804781.0701877,49300907.0825977,0.000893453149877485,0.00153421269339748,0.00123092381224617,0.00305990917279678,0.0296827114231123,0.00288683046028205,0.000342715029668521,0.00019743692118754,2.83951827986219e-08,5.37413245102325e-07,3.04316186048645e-05,4.3453541876602e-05,30,2,"30",0,2,0.9,0.2,0.05
2028,455915027.032785,-88834127.4709676,-884295947.053821,361254289.216569,118296862.44835,825242.882282625,257852.799353441,163153991.384391,1001.55848902486,3.85627515085339,1.20491962314692,1366.21719464821,13239.4523568354,1779.66541613872,808.355986597315,17468.9695232996,118195.190328359,214000,214000,119604.00258564,32456.7801613181,4871.81805834837,124155.756094484,101977.691477755,100599.421994674,132342.146198177,4420.27394344706,6232.90505279608,4961.82203002819,3683.71413211691,2012.78016259258,200,1471.19196955654,2749.39452273122,2012.48967281206,200,1470.9796432229,2748.99772280924,2010.86919013432,200,1469.79519141509,2746.78419433695,15099065.1980136,380336.061496168,119606.067645939,57564929.1491251,15.7831181849754,1.82554117892534,0.801260791424694,56.379128843377,97.1241427599735,83.6894631364589,38.3335605987556,80.6170770097368,191.185695054286,320679773.76311,238773551.018311,119477270.229355,613652644.114128,72.5100792907623,4869.71503190276,0.421196484010845,0.00336125793241456,0.00107499912522279,0.574367258931518,7.739210393271,7.17629820898807,6.22318323087817,8.2342393636367,376.603035289997,349.210778660433,302.830595735229,400.691980198162,-215.414289006265,4869.71503190276,4777.89816356727,4869.71503190276,44791222.4714112,-6618637.60001897,-60876271.1018325,48085854.7193571,66820651.9203959,-9873847.03644545,-90816724.7300193,71735665.6775269,-155960758.275435,0.000390204822820235,11875468.0127842,412179.152644395,136977.558918408,45453088.2316679,0.00100578342391515,0.000585301347999545,0.000187191358039948,0.00152303186727198,0.000905283511228301,0.0296827114231123,0.0296827114231123,0.000914043984163017,6.78924648409593e-05,2.83951827986208e-08,2.83951827986208e-08,6.05535366552968e-05,31,2,"31",0,1,0,0.4,0.05
2028,72255533.0271542,60252545.954581,72496797.0712929,528422159.195985,20113816.8650048,19593784.2285276,80642879.0155437,171241080.497974,128.158763128891,120.397214798133,656.833199764703,1435.48395382727,2685.08482739938,2849.2960518811,8582.23736207645,18240.6451617954,152184.89665483,157933.746125091,121430.830783351,117789.575757243,31485.6365346713,5022.50648312289,103720.876385271,104065.918394131,115111.941070083,134085.634760761,4951.53838527628,4951.53757707747,3802.97331495921,2331.53454883603,399.279965455701,399.280773654505,1548.36289753226,3019.2838018956,380.103491789668,380.104299988471,1526.74266942094,3000.10732822046,358.389680938018,358.390489136814,1504.42127797377,2978.39351725545,2870515.38893496,7495544.78887992,30117201.5502925,62314976.3404392,3.10010359421273,6.50223722012591,28.2972479714236,60.8202347561387,82.5235731261799,87.9730310634467,53.5998238119545,82.175016461885,195.345488311698,231469422.550194,272313124.953547,303387088.002044,649961481.774776,90.7721684120004,5072.62899294003,0.0771975411219571,0.0772363267414782,0.287526331904567,0.558039800231998,7.63930218773609,7.82120281785184,7.56272027798609,8.8182907885276,371.741333444091,380.592925007271,368.014728507076,429.112907941722,884.959451528521,4732.35686607489,5199.59496530405,5072.62899294003,15258069.5682141,13684885.8775634,24987653.5142331,52812514.1964322,22762365.0201905,20415450.7365512,37277198.6486356,78787013.0227677,733427035.249013,0.00541216476759228,2812365.0044301,7282870.71336627,24530024.1380358,49232580.030517,0.000918972834450677,0.00108125536523817,0.000856154910461379,0.00234047116010687,0.006532700512337,0.00885971363240144,0.00214965407898697,0.00113552201329833,4.2970200734693e-06,2.69421958091317e-06,5.22054724029137e-05,7.01658288572424e-05,32,2,"32",0,2,0,0.4,0.05
2028,439867660.363148,-87379824.7983925,-883223521.651313,377159309.422426,115606034.591229,1018723.98134545,360619.168780835,166005884.413345,982.71312769826,4.7603924361937,1.68513630271418,1387.4888703964,13233.004691091,1787.20218862685,813.495005433399,17537.646670049,117789.779887633,214000,214000,119914.820919007,32535.4960820338,4882.96216451437,124038.585807026,101991.893981665,100611.915342188,132458.375966756,4423.73342168591,6238.01434183369,4965.72543059197,3686.5698313895,2014.94823688372,200,1472.77666993554,2752.356044159,2012.25498747214,200,1470.80810576745,2748.67715000148,2009.54994872671,200,1468.83092447683,2744.98215198397,15108564.2401427,453271.001616097,159688.033363671,57937616.0546983,15.7986457850097,1.86299128415515,0.820957627045935,56.8546014387438,78.2647995357243,83.716307913763,38.3485658108319,80.718866251674,191.218431383051,320045358.205627,239026608.803785,119657273.740854,616409676.507159,91.5200831658842,4880.67017589611,0.420644285218981,0.00419226505130658,0.00151556970966829,0.573647880020044,7.74329830290054,7.56894869416421,6.61522558188259,8.63743134427557,376.801959869669,368.317813746854,321.908037986813,420.311982239353,-164.965132436406,4880.67017589611,4780.31421566632,4880.67017589611,44111494.3348907,-6222999.3299073,-60625103.5942045,48465682.8267631,65806616.6986529,-9283624.09376079,-90442026.8388948,72302302.6290136,-153576376.664131,0.000517571851631059,11820138.2650418,508816.006080606,191569.506178118,45508696.8870549,0.00100945494033155,0.000861145478268974,0.000311317625796467,0.00206166953587239,0.00102821900233701,0.0296827114231123,0.0296827114231123,0.0008158755752411,7.01646658245783e-05,2.83951827986208e-08,2.83951827986208e-08,5.90443626505753e-05,33,2,"33",0,1,0.5,0.4,0.05
2028,24767406.0070993,64360230.1495472,79038768.6506145,533038393.068078,4607106.27635132,19149123.8936128,100516874.991063,214241680.383973,21.5285340016447,107.975879919335,787.246799245572,1730.83893263071,2259.41281883794,2839.67094567375,8501.66508216371,18136.8862026461,213999.999999999,176819.225537348,127725.442178028,123460.036706302,31172.7251951188,4642.04229713538,103199.545070468,104083.04307678,115015.173495071,133946.208694884,4540.73238047829,4540.731843481,3397.97768563218,1927.49803365398,261.555241525459,261.555778522749,1404.30993637145,2874.78958834953,261.658092558699,261.658629555988,1404.4127874016,2874.89243937656,261.757052879201,261.757589876486,1404.5117476833,2874.99139961829,1165584.81325563,7023098.90911055,30003555.2696286,62698534.0588887,2.32830596268055,6.65053072147517,28.2724190546305,60.8282611821766,70.9438313704625,88.0986663076522,53.5765994629716,82.12923706867,195.322946740656,227594108.582874,272628308.178791,303076786.692341,649671500.459208,101.990700325427,4641.73416853304,0.0185664188616528,0.0567401952574106,0.304015723519348,0.620677662361588,7.61555559957844,8.05691020387172,7.79181091826832,9.04759310043885,370.585784399226,392.06284409521,379.162665583685,440.271145316929,-608.756402384573,4641.73416853304,4627.37487318466,4641.73416853304,-469971.114314406,12238525.0888308,27304961.7184587,58360539.2479243,-701114.515512219,18257733.9902201,40734216.2597461,87063693.8177162,701204797.87534,-1.62267927832654e-05,921421.255270264,5796497.91395869,23816121.1633033,49311107.9701377,0.000899153291691636,0.00132038814385771,0.00105375536892872,0.00272882511820282,0.0296827114231123,0.00301724437983952,0.000376075336463243,0.000209695249418131,2.83951827986234e-08,5.81343145581282e-07,3.13137605149763e-05,4.42747026659039e-05,34,2,"34",0,2,0.5,0.4,0.05
2028,428592775.740544,-85963854.9729437,-882006991.112156,389463393.049891,113942933.410774,1204265.90906908,464166.499494101,168480687.558299,970.813255087735,5.62741079004245,2.16900233408458,1405.42236714156,13219.3659585897,1794.88292184297,818.747834284079,17575.2764907411,117523.172157873,214000,214000,120164.328394759,32579.8052408113,4888.33035689459,123942.021167423,102005.344916619,100624.103929195,132528.318887378,4422.61516795684,6236.36279754732,4964.4636818729,3685.64674526489,2014.3785535016,200,1472.36027393138,2751.57787454088,2011.68114071635,200,1470.38866664809,2747.89329334561,2009.5692939395,200,1468.84506438253,2745.00857693741,15116004.0893255,532411.942162702,203339.999576159,58214671.6670305,15.7993487879163,1.90362234805771,0.842536610871572,57.1641679147521,63.305957947866,83.7408386540752,38.3630839303545,80.7971148312982,191.250216423792,319578252.479592,239281435.99302,119840652.249343,618421646.839862,106.608400915517,4886.0705282064,0.420138941051961,0.00497035189579924,0.0019536159901787,0.572937091062061,7.74662667507092,7.8810066081014,6.92668621482641,8.95611979796629,376.963924075092,383.503078341442,337.064237880535,435.819900085359,-124.3322064522,4886.0705282064,4785.76352337341,4886.0705282064,43727931.849538,-5843595.03802947,-60413310.0077753,48870666.7126901,65234408.7099151,-8717619.40074634,-90126067.9358577,72906467.5921862,-149914677.294665,0.000429005973608818,11793010.6044438,601487.528842002,246576.318705209,45598218.0754096,0.00101245130626426,0.00113876955674282,0.00044759776808997,0.00256914164874728,0.00111762292608493,0.0296827114231123,0.0296827114231123,0.000744279974073417,7.1700211903558e-05,2.83951827986208e-08,2.83951827986208e-08,5.78601433147237e-05,35,2,"35",0,1,0.9,0.4,0.05
2028,13510819.6772345,68176542.5491869,82568162.0153472,532336933.395611,4391146.38188221,19209044.7981235,101652492.892755,215720694.995872,20.5193756162732,107.73866402759,794.028663210814,1739.79750913365,2215.15836639664,2859.22060638634,8472.12138555643,18092.9139800061,213999.999999999,177786.870096443,128077.351972981,123690.588899787,31088.9985503338,4627.7279632492,103112.897641663,104126.166362961,114972.839862303,133872.230377082,4528.19121372772,4528.19093045714,3387.28156245079,1917.93513290222,258.979464470244,258.979747740825,1399.88911574708,2869.23554529556,259.094259604988,259.094542875569,1400.00391087927,2869.35034042512,259.208731728171,259.209014998751,1400.11838297007,2869.4648124822,1078551.52762625,7038165.67644367,29981291.7572891,62649699.0430701,2.23063518450453,6.76582708020406,28.22380571897,60.7122412902056,61.8437787979626,88.2027902348602,53.5577794652131,82.0918276666132,195.30663876939,226943147.2787,273284635.629147,302844678.079219,648855101.446115,110.869026473126,4627.3690644701,0.0178349113582364,0.0563723511719445,0.304046710009904,0.621746027459915,7.60865684218639,8.24353419876253,7.97254005755725,9.2265550186229,370.250079224983,401.14428255758,387.957250426699,448.979734199335,-598.484431920537,4627.3690644701,4610.86971291611,4627.3690644701,-853950.884711849,12266057.5316861,27483379.025789,58564606.5188591,-1273945.02038575,18298807.5684581,41000383.6053081,87368126.412477,696592457.63738,1.69714583608066e-06,878229.276376441,5770700.41684639,23804781.0701877,49300907.0825977,0.000893453149877485,0.00153421269339748,0.00123092381224617,0.00305990917279678,0.0296827114231123,0.00288683046028205,0.000342715029668521,0.00019743692118754,2.83951827986219e-08,5.37413245102325e-07,3.04316186048645e-05,4.3453541876602e-05,36,2,"36",0,2,0.9,0.4,0.05
2028,263605423.217776,-29554135.5577,-546210028.854248,394529721.389363,56147693.3437603,10947.9379939578,21572343.9245944,90052672.1580935,487.95041616906,0.0511585913921795,208.149595950769,851.528876713427,11398.6606785015,1969.19496712874,4629.36895642705,19034.1098565793,115125.659416495,213999.999989809,103738.013481625,105688.85292202,35366.5145060611,6086.70066781856,119366.207275851,102439.697831957,106439.073902606,133444.84649402,5381.48079868322,7034.75079744425,5428.61485985276,3859.40593635252,1849.89642842873,200,1802.84816699183,3369.20060618431,1862.726160876,200,1815.35160192478,3392.56728859649,1877.50832689058,200,1829.75781434511,3419.4899216324,43759923.8632777,211409.661093657,15069569.9162301,66153706.3518323,41.6467325160788,2.75390783162489,15.5589821262265,62.1200979235778,122.743705223296,85.415164274897,43.7958095708317,80.5819284097925,196.81495721507,491018250.791563,247501685.776944,197841554.311734,631795541.213554,77.2590335381608,6054.26621485947,0.306334921767505,3.29672756463272e-05,0.137147780712568,0.556484330244281,9.01046498325909,7.44411227279607,6.85197743180142,8.56476709121306,438.464428492606,362.243062859753,333.428782450289,416.776017086601,1480.9546560345,5415.95522778886,6116.42685191293,6054.26621485947,21936728.2162167,-8264727.79083508,-37673456.1127594,32905547.3524029,32725752.9383961,-12329525.03765,-56202192.2745189,49089308.229719,82370980.1951919,-0.00241954677331311,32406293.2304431,5468.10145526042,11459743.76989,49913439.2860651,0.00266324120001184,0.000765029727286467,0.000411501786896586,0.00195628735130679,0.0258261854339104,0.0296827114231123,0.0296827114231123,0.0296827114231123,8.711024473244e-05,2.83951828221177e-08,0.000219612461639609,0.000187439110174477,37,2,"37",0,1,0,0.3,0.15
2028,33647145.1817887,57980857.9622396,73672580.8102838,528831266.631402,19913057.7660553,19760162.4350079,81018396.23354,171692100.939945,122.363714612376,121.419669602792,659.299469943656,1438.09590202377,2704.59475459353,2825.14289772673,8574.52991344647,18217.6215252671,157935.942110475,157882.599824167,121526.641503787,117872.083620535,31450.5678472164,5019.94176526162,103738.375802529,104030.477358692,115099.567830105,134043.63022988,4948.30643134282,4948.30583215307,3801.06863045078,2331.93666557471,399.821996273784,399.82259546354,1547.60144353701,3016.19176204157,380.803306846449,380.803906036205,1526.04004069462,2997.17307260562,359.181426839012,359.182026028762,1503.7194236322,2975.55119249083,8977195.71035326,7420426.18839051,30114561.9731989,62282012.2850509,7.28093182958099,6.35431380097193,28.2829005567785,60.7591697987438,89.3194392934998,87.920602142624,53.599441004905,82.1606530073115,196.981405062583,270721354.913562,271758563.150523,303357383.91228,649604361.798179,90.7212513125621,5070.45629165547,0.0774437949466726,0.0774546131247616,0.287478312299754,0.557623279628811,7.89744560154579,7.84965738634913,7.59498938989491,8.84931254972227,384.303027498226,381.977572318741,369.584997936829,430.622479181201,893.740866954271,4727.18325584861,5197.6340689908,5070.45629165547,12699992.4195676,13711945.9306634,25068455.0473772,52907403.1520732,18946162.3513679,20455819.5920854,37397740.3713872,78928570.7103263,694131850.585714,0.00541375361704645,8767795.89904999,7298948.55946808,24540607.2727842,49225574.4595664,0.001154949642665,0.00110835815076532,0.000882236720441158,0.00239070147104422,0.00828872488092742,0.00860102460117667,0.00209460629983964,0.00111434389615287,2.69373919982839e-06,2.70543231590556e-06,5.18008927625815e-05,6.96973077409835e-05,38,2,"38",0,2,0,0.3,0.15
2028,197681493.304765,-31198218.4629518,-502649924.650992,399384218.195258,44940365.92396,12857.5863550582,27663390.0805219,89871247.6567365,397.155866648413,0.0600821807499463,264.606732910175,847.340529470814,10653.3035271022,1960.85139554859,5256.19030946543,19088.4026999371,113243.034157532,213999.999994332,104714.403469754,106017.804276817,35255.4111432635,5990.4448568709,118427.324453525,102427.921849918,107279.056810734,133563.887141431,5292.43402819692,6913.85450080111,5338.75806302647,3796.51691037883,1817.75783093168,200,1771.52694776203,3310.66685234548,1831.69167435917,200,1785.10641291281,3336.04444268023,1847.75843994003,200,1800.76455378589,3365.30670596295,37231097.7887316,195605.655777846,18796807.176395,66093553.6025961,37.727399633073,2.68604314301419,17.7417162381151,62.3391870573727,90.5618985076336,85.3712758291766,44.2602215797077,80.628899779285,196.82820684093,473118337.795756,247185455.105006,208605508.98818,632831042.512958,108.770987124218,5955.75166214472,0.262337693370811,3.97873528879026e-05,0.178019574206106,0.559602945070196,8.91642927158186,8.08966017482437,7.55422084551772,9.21807908157039,433.888492105854,393.656512937338,367.60113178297,448.567280801805,1280.97701151577,5405.33920803526,6012.5974329203,5955.75166214472,6463647.56666364,-8261252.81201225,-25621336.6678323,33666275.3307213,9642629.07679772,-12324340.9784183,-38222542.8276541,50224181.015961,63217568.3860795,-0.00261850620774474,26964219.554376,6421.90216075689,14695452.8092736,49459342.9226364,0.00250183117298164,0.00135630728081944,0.000849378168266194,0.00304366372385792,0.0296827114231123,0.0296827114231123,0.0296827114231123,0.0289457585271248,0.000101498684248178,2.83951828116899e-08,0.000202873060172878,0.000182498657764822,39,2,"39",0,1,0.5,0.3,0.15
2028,-12495197.7614374,65565673.5246415,80673464.9723328,532475497.635354,4758034.26891919,18915450.5342958,99519239.6201617,211676894.819313,22.233804994951,106.788251106776,780.403051822064,1713.19675695768,2265.89383757937,2840.63968925444,8490.79829042593,18111.6978743671,213999.999999999,176583.949941661,127545.658317507,123224.021268472,31119.1515565084,4637.79182703611,103186.749544423,104085.298213946,114998.650894764,133897.269646495,4536.74993913096,4536.74959771722,3395.27829898697,1926.02199441887,261.495321551002,261.495662964741,1402.96699034562,2872.22326626287,261.581303601362,261.581645015101,1403.05308646413,2872.30924830723,261.661881112181,261.662222525918,1403.13349519296,2872.38982574208,3659043.42853483,7013862.07661346,29948084.7907417,62555350.6567821,4.79215400222888,6.65702846787301,28.2394635107251,60.7261146052571,74.0536415686847,88.1149756120704,53.5779404554177,82.1091408609481,196.90772843276,258061820.052689,272698506.861751,302974127.510844,649044659.485731,105.042358141886,4637.55054029458,0.019125146402383,0.0567568032578313,0.303807733887424,0.620310316452361,7.8253735967539,8.15265794358231,7.88644029144843,9.14036005909108,380.79588214556,396.72209065459,383.76749054079,444.785342040852,-479.987482139819,4637.55054029458,4626.12076344076,4637.55054029458,-1403734.91388042,12201076.8844124,27143828.2607679,57914815.0544029,-2094126.41346815,18201867.8339864,40493833.3879467,86398751.4574846,666219438.370891,-2.94747700389497e-05,2854820.56135152,5787333.17550404,23763185.7376069,49177958.0909202,0.00108519837970616,0.00142730612409985,0.00114409987066833,0.00289733285853985,0.0296827114231123,0.00320939967559266,0.000399679758330373,0.000226873845093463,2.83951827986219e-08,5.92556272812468e-07,3.17742524492416e-05,4.51313981222344e-05,40,2,"40",0,2,0.5,0.3,0.15
2028,139034487.137321,-32580358.3718218,-461728583.838601,409490201.362566,37237008.2277628,15803.493636137,33237355.5578367,90702857.6318049,330.82743442981,0.0738481021045647,313.012738365556,850.252139134749,9893.85675497118,1954.3370782909,5771.86153883523,19080.6494035205,112704.224277231,213999.999996401,106428.52656838,106634.32430783,34982.37093565,5832.97641086826,117451.647248675,102418.212704632,107977.385579169,133614.395560366,5148.319020077,6718.19360622578,5193.33209267933,3694.73609969522,1765.96215229316,200,1721.04858429447,3216.33182407859,1780.78228531099,200,1735.49179810643,3243.3236060941,1798.23419832263,200,1752.49985807131,3275.1086265927,31382451.4914314,185080.750631951,22001252.1142829,65618764.7455903,34.0346728938213,2.63505764059615,19.5991598066287,62.5549450599812,65.6552263016546,85.3336269341914,44.669852418855,80.6893799940418,196.833068498317,456210843.994186,246929489.447714,217895785.742291,633646734.639105,132.97865872712,5797.37451731684,0.224068701018349,5.06319187076487e-05,0.216499008086407,0.559381658976537,8.82627897187268,8.58540745063191,8.09837804997503,9.72132450706826,429.501626420913,417.780411800224,394.08073945092,473.05605227946,1007.89205739295,5367.59954235691,5850.76471018258,5797.37451731684,-5461287.2193767,-8255586.47918755,-13520886.9702133,33955109.6540062,-8147283.15477878,-12315887.8031653,-20170793.1161802,50655071.192964,54215746.2894638,-0.00269118264968553,22342204.9366577,7893.27694380912,17656476.2555675,48412760.4006236,0.00235333738480599,0.00198584053341179,0.00136598238646898,0.00410841297526767,0.0296827114231123,0.0296827114231123,0.0296827114231123,0.0259289177264692,0.000106038031532583,2.83951828069191e-08,0.000176512500008414,0.000173587306812761,41,2,"41",0,1,0.9,0.3,0.15
2028,-24028789.3359193,69365178.9427799,84543510.051297,531740037.846668,4470918.56631385,18998723.9463285,101015478.279129,213756628.419913,20.8921428332429,106.569498125922,789.566137734872,1726.38153804673,2212.13915843012,2859.05880674704,8463.4376603453,18074.5416849289,214000,177754.62483108,127977.445654109,123507.122862098,31040.0866271921,4623.25739487803,103085.689647766,104126.038260631,114961.331241516,133834.171637838,4524.47779543005,4524.47760076886,3384.29547502465,1915.21085604619,258.317121585613,258.317316246798,1398.49945377355,2867.58406096927,258.419214817655,258.41940947884,1398.60160891002,2867.68615419592,258.519797671468,258.519992332651,1398.70218890334,2867.7867369813,3309859.43866995,7022687.37181495,29939503.062622,62542925.0563255,4.41059050779919,6.76981927156031,28.2022343012265,60.635471261487,62.4400587304075,88.2134768786218,53.5665934029941,82.0745126591726,196.854297771726,255689474.823309,273320331.53975,302827494.894327,648350805.310143,116.191508775159,4622.94679906459,0.0181302840044387,0.0562685510781706,0.303880228674751,0.62172093624264,7.80689034201443,8.38501758202387,8.11345962323103,9.36580329912584,379.896455785092,408.029102697067,394.814634251106,455.755790467545,-491.119635944913,4622.94679906459,4608.57748955026,4622.94679906459,-1846651.94610342,12230787.5312385,27384480.4227613,58223375.3288569,-2754880.9811444,18246190.9107045,40852844.2267491,86859069.2956262,661619937.504826,-6.77837934533234e-06,2682551.13978831,5754795.42677749,23765242.2146237,49202884.056389,0.00106780152495107,0.00171146934627563,0.00138283330554385,0.00333495788953144,0.0296827114231123,0.00302890235900884,0.000355564596633124,0.000209818682713099,2.83951827986212e-08,5.3882222630393e-07,3.06794994652605e-05,4.41057437606039e-05,42,2,"42",0,2,0.9,0.3,0.15
2028,198463723.439161,-76080775.9965925,-209445402.089559,429614396.461744,36716680.0594786,17782.6883296055,36626152.3694478,94408149.6507262,298.620937789139,0.0830966744374092,338.016110827214,874.721151392007,8027.91406706036,1810.42262178335,7647.88953721274,19113.1639151961,122859.277124769,214000,108356.868591702,107712.417237186,34898.3314379353,5638.25039790645,113647.71489092,102135.221931957,112421.296412225,134480.51262983,5056.10625366265,6014.03470183856,4521.31627591448,3050.64687409999,1158.82601617147,200,1694.03053625956,3165.83992715472,1154.86983089582,200,1688.24718434087,3155.03187734388,1152.41034187136,200,1684.65177877275,3148.31270773138,27598523.3248319,54503.1703867349,24721931.6455455,61538174.9354395,28.0966210964733,1.79551773585607,23.9209001936617,61.3114288899324,112.023594350613,84.1929547167976,49.9052418304914,81.4890393128308,197.579554133212,410850033.145562,240551249.321002,264540038.604641,639476746.127238,85.0572610810031,5643.28081375254,0.203670505757802,5.73428428591813e-05,0.239618453308206,0.556653698091133,8.68767720632662,7.5752672979312,7.3253308257353,8.74275652868885,422.757030661301,368.625287666869,356.462957238368,425.437283416978,682.879836642416,5352.78194175829,5653.11987960935,5643.28081375254,17265716.9205722,-8261801.56007294,-2882252.46225279,35381207.0618586,25757422.9245924,-12325159.614328,-4299815.40802607,52782558.5272404,342551941.814754,0.000456508872223314,21254043.068609,8881.81354216873,19456685.9724638,47084571.2666469,0.0021367439268444,0.000866229575857097,0.000680999261880157,0.00222113535097027,0.0261057468931382,0.0296827114231123,0.0296827114231123,0.02006380560293,4.64880754399177e-05,2.83951827986208e-08,0.000150928785071025,0.000159037225157576,43,2,"43",0,1,0,0.2,0.15
2028,33647145.1817887,57980857.9622396,73672580.8102838,528831266.631402,19913057.7660553,19760162.4350079,81018396.23354,171692100.939945,122.363714612376,121.419669602792,659.299469943656,1438.09590202377,2704.59475459353,2825.14289772673,8574.52991344647,18217.6215252671,157935.942110475,157882.599824167,121526.641503787,117872.083620535,31450.5678472164,5019.94176526162,103738.375802529,104030.477358692,115099.567830105,134043.63022988,4948.30643134282,4948.30583215307,3801.06863045078,2331.93666557471,399.821996273784,399.82259546354,1547.60144353701,3016.19176204157,380.803306846449,380.803906036205,1526.04004069462,2997.17307260562,359.181426839012,359.182026028762,1503.7194236322,2975.55119249083,8977195.71035326,7420426.18839051,30114561.9731989,62282012.2850509,7.28093182958099,6.35431380097193,28.2829005567785,60.7591697987438,89.3194392934998,87.920602142624,53.599441004905,82.1606530073115,196.981405062583,270721354.913562,271758563.150523,303357383.91228,649604361.798179,90.7212513125621,5070.45629165547,0.0774437949466726,0.0774546131247616,0.287478312299754,0.557623279628811,7.89744560154579,7.84965738634913,7.59498938989491,8.84931254972227,384.303027498226,381.977572318741,369.584997936829,430.622479181201,893.740866954271,4727.18325584861,5197.6340689908,5070.45629165547,12699992.4195676,13711945.9306634,25068455.0473772,52907403.1520732,18946162.3513679,20455819.5920854,37397740.3713872,78928570.7103263,694131850.585714,0.00541375361704645,8767795.89904999,7298948.55946808,24540607.2727842,49225574.4595664,0.001154949642665,0.00110835815076532,0.000882236720441158,0.00239070147104422,0.00828872488092742,0.00860102460117667,0.00209460629983964,0.00111434389615287,2.69373919982839e-06,2.70543231590556e-06,5.18008927625815e-05,6.96973077409835e-05,44,2,"44",0,2,0,0.2,0.15
2028,165687226.476877,-81995159.2190615,-202019283.478867,406887206.802499,29831547.2580357,20198.670611147,40655373.7280488,94850964.6239129,243.970454339833,0.0943863112670424,371.592980941026,878.971265214531,7776.28964995601,1792.68325154504,7958.64304409038,19161.3931613113,122140.461090918,214000,109359.391067961,107700.318632131,34971.1381937093,5623.05066589625,113523.306138389,102085.322159048,113155.707049792,135045.75468671,5085.14926584145,6050.00295993783,4547.16085893512,3067.69579509909,1165.54578226315,200,1703.853830522,3184.19790626229,1162.96319152495,200,1700.07846863669,3177.14243049597,1159.70776581771,200,1695.31952253121,3168.24881183359,24261600.1472203,50783.9732729941,26551716.2329286,60468530.0066109,26.3562056527294,1.7342872680926,24.355602789366,60.1080393438573,85.8091427351278,83.9901704180259,50.260314552054,81.7284955870256,198.162052769182,404528963.135184,239579269.107228,269677615.594982,639989637.618878,112.291225911222,5627.59112822848,0.171303802835203,6.5471199946743e-05,0.265475096660566,0.563155629304284,8.6848330058679,8.14147143691861,7.913190401362,9.29457730890477,422.61862706826,396.177736366522,385.069196021823,452.289813611286,613.927735559104,5365.88901209798,5630.8800982021,5627.59112822848,6941908.26771234,-8258680.64417207,4231407.75357761,35875155.5704167,10356110.2025334,-12320503.7549078,6312518.59257784,53519443.1116704,288559990.581448,0.000325018596330672,17898928.3548214,10088.5098384824,21597104.4880936,47374785.3645924,0.00213244577998303,0.00141451446215028,0.00117059762659621,0.00319234160244189,0.0296827114231123,0.0296827114231123,0.0296827114231123,0.0201789680473334,4.92822771668302e-05,2.83951827986208e-08,0.000139129078494244,0.000159193543385302,45,2,"45",0,1,0.5,0.2,0.15
2028,-12495197.7614374,65565673.5246415,80673464.9723328,532475497.635354,4758034.26891919,18915450.5342958,99519239.6201617,211676894.819313,22.233804994951,106.788251106776,780.403051822064,1713.19675695768,2265.89383757937,2840.63968925444,8490.79829042593,18111.6978743671,213999.999999999,176583.949941661,127545.658317507,123224.021268472,31119.1515565084,4637.79182703611,103186.749544423,104085.298213946,114998.650894764,133897.269646495,4536.74993913096,4536.74959771722,3395.27829898697,1926.02199441887,261.495321551002,261.495662964741,1402.96699034562,2872.22326626287,261.581303601362,261.581645015101,1403.05308646413,2872.30924830723,261.661881112181,261.662222525918,1403.13349519296,2872.38982574208,3659043.42853483,7013862.07661346,29948084.7907417,62555350.6567821,4.79215400222888,6.65702846787301,28.2394635107251,60.7261146052571,74.0536415686847,88.1149756120704,53.5779404554177,82.1091408609481,196.90772843276,258061820.052689,272698506.861751,302974127.510844,649044659.485731,105.042358141886,4637.55054029458,0.019125146402383,0.0567568032578313,0.303807733887424,0.620310316452361,7.8253735967539,8.15265794358231,7.88644029144843,9.14036005909108,380.79588214556,396.72209065459,383.76749054079,444.785342040852,-479.987482139819,4637.55054029458,4626.12076344076,4637.55054029458,-1403734.91388042,12201076.8844124,27143828.2607679,57914815.0544029,-2094126.41346815,18201867.8339864,40493833.3879467,86398751.4574846,666219438.370891,-2.94747700389497e-05,2854820.56135152,5787333.17550404,23763185.7376069,49177958.0909202,0.00108519837970616,0.00142730612409985,0.00114409987066833,0.00289733285853985,0.0296827114231123,0.00320939967559266,0.000399679758330373,0.000226873845093463,2.83951827986219e-08,5.92556272812468e-07,3.17742524492416e-05,4.51313981222344e-05,46,2,"46",0,2,0.5,0.2,0.15
2028,115371715.519956,-81785867.2933837,-159697458.912759,402537662.201501,23420387.5507245,24584.5632631149,46529801.9825369,97588792.5617857,190.120129623865,0.114881136743528,418.947484034501,901.462237679666,7182.93039352092,1791.43047564863,8471.54726025412,19100.6738362767,123262.927684859,214000,111109.15341308,108071.071159817,34844.7266981752,5607.17633282584,112756.684473897,102081.76272109,113912.346994111,135053.487724694,5071.19151815307,6032.7170163088,4534.74024062279,3059.50227384174,1161.68030843496,200,1698.2030851895,3173.63767443121,1161.10091835398,200,1697.35610343738,3172.05481710305,1160.41807146906,200,1696.35788329172,3170.18932228135,19944324.1890115,53109.2764288125,29970106.6960667,60462806.6021708,23.440452347631,1.73039662249533,26.3703936394681,59.5871108993515,64.7135039335398,83.9715886107517,50.7176951919377,81.7239650572485,198.242014558128,390865762.221881,239495940.257444,279804725.846646,639029513.945359,132.620548927517,5609.35130468705,0.132886007579956,8.08647652422316e-05,0.301304956024314,0.565728171630488,8.61080952848527,8.5604214061392,8.38340542296117,9.70319088104565,419.016519766815,416.564548718892,407.95065231705,472.173639442245,622.216276966479,5345.05857130369,5606.91930146178,5609.35130468705,-4528972.7692408,-8249853.11442656,15181992.256143,36532392.5148979,-6756433.4320982,-12307334.6280143,22648871.0071126,54499925.4176497,276426051.515314,6.12375724011499e-05,14052232.5304347,12279.1055475627,24717740.9301209,47555253.9322674,0.00202262557601144,0.00195010343273175,0.00170937399199644,0.00406644077803053,0.0296827114231123,0.0296827114231123,0.0296827114231123,0.0183058174190073,4.49890419300385e-05,2.83951827986208e-08,0.000120701361490084,0.000154472360509905,47,2,"47",0,1,0.9,0.2,0.15
2028,-24028789.3359193,69365178.9427799,84543510.051297,531740037.846668,4470918.56631385,18998723.9463285,101015478.279129,213756628.419913,20.8921428332429,106.569498125922,789.566137734872,1726.38153804673,2212.13915843012,2859.05880674704,8463.4376603453,18074.5416849289,214000,177754.62483108,127977.445654109,123507.122862098,31040.0866271921,4623.25739487803,103085.689647766,104126.038260631,114961.331241516,133834.171637838,4524.47779543005,4524.47760076886,3384.29547502465,1915.21085604619,258.317121585613,258.317316246798,1398.49945377355,2867.58406096927,258.419214817655,258.41940947884,1398.60160891002,2867.68615419592,258.519797671468,258.519992332651,1398.70218890334,2867.7867369813,3309859.43866995,7022687.37181495,29939503.062622,62542925.0563255,4.41059050779919,6.76981927156031,28.2022343012265,60.635471261487,62.4400587304075,88.2134768786218,53.5665934029941,82.0745126591726,196.854297771726,255689474.823309,273320331.53975,302827494.894327,648350805.310143,116.191508775159,4622.94679906459,0.0181302840044387,0.0562685510781706,0.303880228674751,0.62172093624264,7.80689034201443,8.38501758202387,8.11345962323103,9.36580329912584,379.896455785092,408.029102697067,394.814634251106,455.755790467545,-491.119635944913,4622.94679906459,4608.57748955026,4622.94679906459,-1846651.94610342,12230787.5312385,27384480.4227613,58223375.3288569,-2754880.9811444,18246190.9107045,40852844.2267491,86859069.2956262,661619937.504826,-6.77837934533234e-06,2682551.13978831,5754795.42677749,23765242.2146237,49202884.056389,0.00106780152495107,0.00171146934627563,0.00138283330554385,0.00333495788953144,0.0296827114231123,0.00302890235900884,0.000355564596633124,0.000209818682713099,2.83951827986212e-08,5.3882222630393e-07,3.06794994652605e-05,4.41057437606039e-05,48,2,"48",0,2,0.9,0.2,0.15
2028,291752206.087595,-89566632.1270358,-885890299.292696,345838594.860808,131512127.270513,763671.651728063,249127.552412517,160961166.431457,1043.97373508651,3.5685591202246,1.16414744117999,1350.51464516564,13260.8000748665,1776.61340357299,807.72334833136,17432.2526972735,126212.881732643,214000,214000,119280.514484498,32464.1106108579,4868.77520296093,124276.610151622,101970.320280672,100597.398349025,132272.671865707,4419.20516423175,6231.32657721353,4960.6161044222,3682.83188577311,2011.96694079718,200,1470.59756516151,2748.28368728501,2012.62843255438,200,1471.08106623093,2749.18726426171,2013.18933795179,200,1471.49104618388,2749.95344342826,47895214.4827385,364412.574599223,118889.094517347,57350068.779903,46.8896849574332,1.81268254606493,0.799534090098094,56.0182672439849,134.751717967969,83.6721137665347,38.3305841138255,80.5374110691747,197.887808140284,549437515.279933,238661158.210954,119452667.961316,611585250.784928,72.2620009420565,4866.92835661182,0.420993021414939,0.00311745452598159,0.00104243410420013,0.574847089954879,9.28433102209703,7.30830815572149,6.35571730281148,8.35781722425009,451.791212007743,355.63460539494,309.279927286264,406.7054873955,-568.532524022434,4866.92835661182,4782.07360762567,4866.92835661182,37965837.5159713,-6744646.16890018,-60965279.7362854,47734683.3320116,56638374.0729615,-10061829.7316169,-90949510.0091994,71211779.52878,-337866130.471329,-1.15036656033908e-05,38041016.2920071,381426.536436358,132342.499574763,45415913.5082316,0.00317215840479278,0.000669530456546474,0.000223881816362652,0.0016763518468356,0.000678519743995577,0.0296827114231123,0.0296827114231123,0.00099852333666136,3.54059286890499e-05,2.83951827986208e-08,2.83951827986208e-08,6.21652078113908e-05,49,2,"49",0,1,0,0.4,0.15
2028,33647145.1817887,57980857.9622396,73672580.8102838,528831266.631402,19913057.7660553,19760162.4350079,81018396.23354,171692100.939945,122.363714612376,121.419669602792,659.299469943656,1438.09590202377,2704.59475459353,2825.14289772673,8574.52991344647,18217.6215252671,157935.942110475,157882.599824167,121526.641503787,117872.083620535,31450.5678472164,5019.94176526162,103738.375802529,104030.477358692,115099.567830105,134043.63022988,4948.30643134282,4948.30583215307,3801.06863045078,2331.93666557471,399.821996273784,399.82259546354,1547.60144353701,3016.19176204157,380.803306846449,380.803906036205,1526.04004069462,2997.17307260562,359.181426839012,359.182026028762,1503.7194236322,2975.55119249083,8977195.71035326,7420426.18839051,30114561.9731989,62282012.2850509,7.28093182958099,6.35431380097193,28.2829005567785,60.7591697987438,89.3194392934998,87.920602142624,53.599441004905,82.1606530073115,196.981405062583,270721354.913562,271758563.150523,303357383.91228,649604361.798179,90.7212513125621,5070.45629165547,0.0774437949466726,0.0774546131247616,0.287478312299754,0.557623279628811,7.89744560154579,7.84965738634913,7.59498938989491,8.84931254972227,384.303027498226,381.977572318741,369.584997936829,430.622479181201,893.740866954271,4727.18325584861,5197.6340689908,5070.45629165547,12699992.4195676,13711945.9306634,25068455.0473772,52907403.1520732,18946162.3513679,20455819.5920854,37397740.3713872,78928570.7103263,694131850.585714,0.00541375361704645,8767795.89904999,7298948.55946808,24540607.2727842,49225574.4595664,0.001154949642665,0.00110835815076532,0.000882236720441158,0.00239070147104422,0.00828872488092742,0.00860102460117667,0.00209460629983964,0.00111434389615287,2.69373919982839e-06,2.70543231590556e-06,5.18008927625815e-05,6.96973077409835e-05,50,2,"50",0,2,0,0.4,0.15
2028,273629253.764924,-87993044.1132259,-881941425.853658,358089619.969407,123762275.496872,986557.032548961,398298.086836946,162876441.136368,991.11320222859,4.61007959135028,1.86120601325676,1363.44322442122,13201.7043599501,1785.44616906107,814.235888655116,17414.6793301613,125046.41815021,214000,214000,119533.243233645,32364.5934600819,4859.65933225147,124111.772582342,101985.753949701,100611.30380715,132276.652242136,4411.62426856764,6220.13038390411,4952.06242367435,3676.57407556622,2008.37292745938,200,1467.97060983906,2743.37437787844,2008.94028789438,200,1468.38530794237,2744.14937442371,2009.4371709953,200,1468.74849237824,2744.82810114285,47422290.0411354,462952.362904606,183745.255237662,57379570.8373975,46.4377995600464,1.85734026343226,0.827782844394465,56.0475147936234,96.825361818963,83.6976240022273,38.3459035799121,80.5878398951405,197.815671206853,545595985.698077,238946976.736498,119674641.482982,612444887.670249,109.675789454686,4857.9595513758,0.420139261458164,0.0040257962028273,0.00166183002557535,0.574173112313434,9.26302904867695,8.07712283702717,7.12398535833802,9.12682730409398,450.754622040548,393.046424927199,346.665147085846,444.126815350303,-549.535569908046,4857.9595513758,4780.15041455658,4857.9595513758,36571847.1507587,-6288918.57526548,-60545755.7080662,48082821.6283602,54558784.8178633,-9381964.05203599,-90323653.7026481,71731140.8374676,-338215596.232553,1.87020546766034e-05,37638362.0243135,492749.771541969,211585.446400425,45435704.356736,0.00313046454733368,0.00134247723372657,0.000554168383906604,0.00287233561542007,0.000969117162257758,0.0296827114231123,0.0296827114231123,0.000922520856210785,3.89234722644827e-05,2.83951827986208e-08,2.83951827986208e-08,6.090246304361e-05,51,2,"51",0,1,0.5,0.4,0.15
2028,-12495197.7614374,65565673.5246415,80673464.9723328,532475497.635354,4758034.26891919,18915450.5342958,99519239.6201617,211676894.819313,22.233804994951,106.788251106776,780.403051822064,1713.19675695768,2265.89383757937,2840.63968925444,8490.79829042593,18111.6978743671,213999.999999999,176583.949941661,127545.658317507,123224.021268472,31119.1515565084,4637.79182703611,103186.749544423,104085.298213946,114998.650894764,133897.269646495,4536.74993913096,4536.74959771722,3395.27829898697,1926.02199441887,261.495321551002,261.495662964741,1402.96699034562,2872.22326626287,261.581303601362,261.581645015101,1403.05308646413,2872.30924830723,261.661881112181,261.662222525918,1403.13349519296,2872.38982574208,3659043.42853483,7013862.07661346,29948084.7907417,62555350.6567821,4.79215400222888,6.65702846787301,28.2394635107251,60.7261146052571,74.0536415686847,88.1149756120704,53.5779404554177,82.1091408609481,196.90772843276,258061820.052689,272698506.861751,302974127.510844,649044659.485731,105.042358141886,4637.55054029458,0.019125146402383,0.0567568032578313,0.303807733887424,0.620310316452361,7.8253735967539,8.15265794358231,7.88644029144843,9.14036005909108,380.79588214556,396.72209065459,383.76749054079,444.785342040852,-479.987482139819,4637.55054029458,4626.12076344076,4637.55054029458,-1403734.91388042,12201076.8844124,27143828.2607679,57914815.0544029,-2094126.41346815,18201867.8339864,40493833.3879467,86398751.4574846,666219438.370891,-2.94747700389497e-05,2854820.56135152,5787333.17550404,23763185.7376069,49177958.0909202,0.00108519837970616,0.00142730612409985,0.00114409987066833,0.00289733285853985,0.0296827114231123,0.00320939967559266,0.000399679758330373,0.000226873845093463,2.83951827986219e-08,5.92556272812468e-07,3.17742524492416e-05,4.51313981222344e-05,52,2,"52",0,2,0.5,0.4,0.15
2028,259439839.345542,-86453389.2016672,-877230412.0981,369235528.103252,118939988.856991,1203841.16330984,551857.855232657,164658208.721951,957.371490496493,5.62542599677496,2.57877502445167,1374.87219427869,13129.5880381662,1794.34001266956,820.994848412417,17374.9697571585,124362.043231926,214000,214000,119809.566682144,32247.8405422031,4845.44403066179,123925.399327169,102000.426988919,100625.090479072,132233.253382509,4399.64579070184,6202.43941971195,4938.54686033606,3666.68618838601,2002.6819919843,200,1463.8109610479,2735.60073865287,2003.15687768052,200,1464.15806702386,2736.24941760766,2003.58055494681,200,1464.46774346217,2736.82814745456,47066965.2331986,564260.60883381,253520.215659937,57366301.542034,46.0698118996892,1.90502004381465,0.858925273129233,56.0296301825449,66.9681020392978,83.7215207606824,38.3609570876519,80.6176769804499,197.735192672352,542238187.891612,239233762.35316,119904637.883397,612864624.821301,139.015348623398,4843.89391844986,0.419395183805373,0.00490549667843272,0.00229505650126365,0.57340426301493,9.24317427459258,8.67986924521883,7.72621019393682,9.72834843490534,449.788455234737,422.377082100247,375.970423656531,473.397848458744,-520.820196196371,4843.89391844986,4773.22550648627,4843.89391844986,35667956.6120059,-5844649.14955992,-60053164.8682054,48400738.6596524,53210338.5881876,-8719191.95036154,-89588794.5219119,72205417.3165501,-335008433.850974,4.53767034011361e-05,37337520.1651146,601275.383604652,293160.059030822,45418154.7655829,0.00309192705432309,0.00212495854409796,0.000994170466568518,0.00412474433017892,0.00120354882149588,0.0296827114231123,0.0296827114231123,0.00085229383253826,4.11477603801165e-05,2.83951827986208e-08,2.83951827986208e-08,5.95511636231755e-05,53,2,"53",0,1,0.9,0.4,0.15
2028,-24028789.3359193,69365178.9427799,84543510.051297,531740037.846668,4470918.56631385,18998723.9463285,101015478.279129,213756628.419913,20.8921428332429,106.569498125922,789.566137734872,1726.38153804673,2212.13915843012,2859.05880674704,8463.4376603453,18074.5416849289,214000,177754.62483108,127977.445654109,123507.122862098,31040.0866271921,4623.25739487803,103085.689647766,104126.038260631,114961.331241516,133834.171637838,4524.47779543005,4524.47760076886,3384.29547502465,1915.21085604619,258.317121585613,258.317316246798,1398.49945377355,2867.58406096927,258.419214817655,258.41940947884,1398.60160891002,2867.68615419592,258.519797671468,258.519992332651,1398.70218890334,2867.7867369813,3309859.43866995,7022687.37181495,29939503.062622,62542925.0563255,4.41059050779919,6.76981927156031,28.2022343012265,60.635471261487,62.4400587304075,88.2134768786218,53.5665934029941,82.0745126591726,196.854297771726,255689474.823309,273320331.53975,302827494.894327,648350805.310143,116.191508775159,4622.94679906459,0.0181302840044387,0.0562685510781706,0.303880228674751,0.62172093624264,7.80689034201443,8.38501758202387,8.11345962323103,9.36580329912584,379.896455785092,408.029102697067,394.814634251106,455.755790467545,-491.119635944913,4622.94679906459,4608.57748955026,4622.94679906459,-1846651.94610342,12230787.5312385,27384480.4227613,58223375.3288569,-2754880.9811444,18246190.9107045,40852844.2267491,86859069.2956262,661619937.504826,-6.77837934533234e-06,2682551.13978831,5754795.42677749,23765242.2146237,49202884.056389,0.00106780152495107,0.00171146934627563,0.00138283330554385,0.00333495788953144,0.0296827114231123,0.00302890235900884,0.000355564596633124,0.000209818682713099,2.83951827986212e-08,5.3882222630393e-07,3.06794994652605e-05,4.41057437606039e-05,54,2,"54",0,2,0.9,0.4,0.15
